{
    "__comment": "Made with TheDestruc7i0n's advancements generator: https://advancements.thedestruc7i0n.ca",
    "display": {
        "title": {
            "text": "Cleric \"Z\""
        },
        "description": {
            "text": "Slay the animated cleric"
        },
        "icon": {
            "item": "minecraft:potion",
            "nbt": "{Potion:\"minecraft:strength\"}"
        },
        "frame": "task",
        "show_toast": true,
        "announce_to_chat": true,
        "hidden": false
    },
    "parent": "dnl:story/structures/clerics_hideout/locate",
    "criteria": {
        "kill cleric z": {
            "trigger": "minecraft:player_killed_entity",
            "conditions": {
                "entity": {
                    "type": "minecraft:zombie_villager",
                    "nbt": "{Tags:[\"dnl.cleric_z\"]}",
                    "distance": {
                        "absolute": {
                            "min": 0,
                            "max": 64
                        }
                    }
                }
            }
        }
    }
}
