{
  "display": {
    "icon": {
      "item": "minecraft:cobweb"
    },
    "title": {
      "text": "Crawlers Lair"
    },
    "description": {
      "text": "Trip into the creepy lair of the spruce taiga"
    },
    "frame": "task",
    "show_toast": true,
    "announce_to_chat": true,
    "hidden": false
  },
  "parent": "dnl:story/structures/watcher_camp/locate",
  "criteria": {
    "locate crawlers lair": {
      "trigger": "minecraft:impossible"
    }
  },
  "rewards": {
    "function": "dnl:advancements/locate_dungeon"
  }
}
