x,y,z,type
-2142,70,2196,dynamictrees:tile_entity_species
-2136,70,2197,dynamictrees:tile_entity_species
-2139,70,2201,dynamictrees:tile_entity_species
-2026,30,2362,quark:monster_box
-2047,73,2361,resourcefulbees:tiered_beehive
-1979,71,2347,dynamictrees:tile_entity_species
-1974,44,2332,lootr:special_loot_chest
-1972,44,2334,minecraft:mob_spawner
-1980,28,2385,quark:monster_box
-2028,29,2323,quark:monster_box
-2045,28,2336,quark:monster_box
-1965,72,2341,resourcefulbees:tiered_beehive
-1953,26,2405,quark:monster_box
-1975,72,2308,resourcefulbees:tiered_beehive
-2028,43,2315,lootr:special_loot_chest
-2025,43,2316,minecraft:mob_spawner
-2022,43,2318,lootr:special_loot_chest
-2070,74,2341,resourcefulbees:tiered_beehive
-1923,26,2313,quark:monster_box
-2084,75,2309,resourcefulbees:tiered_beehive
-1934,29,2381,quark:monster_box
-1991,75,2461,dynamictrees:tile_entity_species
-1990,73,2458,supplementaries:sign_post
-1981,74,2461,dynamictrees:tile_entity_species
-2107,77,2342,resourcefulbees:tiered_beehive
-2104,83,2461,minecraft:chest
-2105,82,2458,minecraft:chest
-2116,75,2364,resourcefulbees:tiered_beehive
-1996,92,2476,lootr:special_loot_chest
-1998,86,2468,minecraft:skull
-1999,89,2472,minecraft:mob_spawner
-1998,107,2471,minecraft:mob_spawner
-1999,112,2472,waystones:waystone
-1996,86,2476,lootr:special_loot_chest
-1999,111,2472,waystones:waystone
-1998,98,2469,minecraft:mob_spawner
-1994,104,2471,lootr:special_loot_chest
-1999,104,2477,lootr:special_loot_chest
-1997,98,2475,lootr:special_loot_chest
-1997,98,2476,lootr:special_loot_chest
-1998,98,2473,minecraft:sign
-1998,92,2468,minecraft:skull
-1999,95,2472,minecraft:mob_spawner
-1987,79,2476,dynamictrees:tile_entity_species
-1977,78,2477,dynamictrees:tile_entity_species
-1973,78,2475,dynamictrees:tile_entity_species
-1912,21,2250,minecraft:furnace
-1911,21,2250,minecraft:furnace
-2004,80,2472,minecraft:barrel
-2003,80,2474,minecraft:barrel
-2120,74,2242,dynamictrees:tile_entity_species
-2107,75,2247,dynamictrees:tile_entity_species
-2095,74,2242,dynamictrees:tile_entity_species
-2113,80,2459,minecraft:chest
-2113,80,2460,minecraft:chest
-2112,85,2474,minecraft:chest
-2019,22,2233,quark:monster_box
-1886,17,2240,lootr:special_loot_chest
-1900,31,2483,lootr:special_loot_chest
-1901,31,2485,minecraft:mob_spawner
-1901,31,2487,lootr:special_loot_chest
-2069,23,2235,quark:monster_box
-1971,81,2490,dynamictrees:tile_entity_species
-1973,82,2494,dynamictrees:tile_entity_species
-1977,80,2489,dynamictrees:tile_entity_species
-1969,79,2482,dynamictrees:tile_entity_species
-1980,79,2483,dynamictrees:tile_entity_species
-1983,25,2483,quark:monster_box
-1926,25,2486,lootr:special_loot_barrel
-1934,82,2493,dynamictrees:tile_entity_species
-1934,82,2489,dynamictrees:tile_entity_species
-1959,82,2490,dynamictrees:tile_entity_species
-1966,81,2490,dynamictrees:tile_entity_species
-1939,82,2490,dynamictrees:tile_entity_species
-1952,80,2480,dynamictrees:tile_entity_species
-1947,82,2493,dynamictrees:tile_entity_species
-1945,82,2488,dynamictrees:tile_entity_species
-1950,82,2490,dynamictrees:tile_entity_species
-2130,23,2289,quark:monster_box
-2111,73,2232,dynamictrees:tile_entity_species
-2098,73,2235,dynamictrees:tile_entity_species
-2107,72,2229,dynamictrees:tile_entity_species
-2103,72,2229,dynamictrees:tile_entity_species
-2090,73,2232,dynamictrees:tile_entity_species
-2131,74,2239,dynamictrees:tile_entity_species
-2129,72,2225,dynamictrees:tile_entity_species
-2134,73,2232,dynamictrees:tile_entity_species
-2130,73,2230,dynamictrees:tile_entity_species
-2131,73,2235,dynamictrees:tile_entity_species
-1883,17,2238,minecraft:mob_spawner
-1888,21,2234,minecraft:furnace
-1887,21,2234,minecraft:furnace
-2151,72,2220,dynamictrees:tile_entity_species
-2131,72,2221,dynamictrees:tile_entity_species
-2138,72,2216,dynamictrees:tile_entity_species
-2141,72,2220,dynamictrees:tile_entity_species
-2133,71,2216,dynamictrees:tile_entity_species
-2115,72,2220,dynamictrees:tile_entity_species
-2122,71,2211,dynamictrees:tile_entity_species
-2126,71,2217,dynamictrees:tile_entity_species
-2120,71,2217,dynamictrees:tile_entity_species
-2149,15,2376,quark:monster_box
-1925,88,2507,dynamictrees:tile_entity_species
-1928,88,2511,dynamictrees:tile_entity_species
-1930,87,2506,dynamictrees:tile_entity_species
-1934,86,2509,dynamictrees:tile_entity_species
-1918,87,2505,dynamictrees:tile_entity_species
-1916,86,2499,dynamictrees:tile_entity_species
-1907,89,2510,dynamictrees:tile_entity_species
-1967,83,2502,dynamictrees:tile_entity_species
-1961,82,2496,dynamictrees:tile_entity_species
-1958,84,2502,dynamictrees:tile_entity_species
-1953,82,2496,dynamictrees:tile_entity_species
-1967,85,2508,dynamictrees:tile_entity_species
-1961,85,2505,dynamictrees:tile_entity_species
-1952,84,2504,dynamictrees:tile_entity_species
-1941,85,2511,dynamictrees:tile_entity_species
-1945,83,2499,dynamictrees:tile_entity_species
-1937,85,2503,dynamictrees:tile_entity_species
-1945,83,2505,dynamictrees:tile_entity_species
-1947,84,2509,dynamictrees:tile_entity_species
-1938,83,2496,dynamictrees:tile_entity_species
-2109,71,2214,dynamictrees:tile_entity_species
-2105,70,2211,dynamictrees:tile_entity_species
-2110,72,2223,dynamictrees:tile_entity_species
-1859,31,2411,minecraft:mob_spawner
-1858,31,2414,lootr:special_loot_chest
-2086,69,2209,dynamictrees:tile_entity_species
-2086,70,2213,dynamictrees:tile_entity_species
-2158,57,2434,lootr:special_loot_chest
-2160,57,2433,minecraft:mob_spawner
-2106,92,2511,minecraft:skull
-2105,92,2511,iceandfire:ghost_chest
-2159,71,2196,dynamictrees:tile_entity_species
-2123,70,2200,dynamictrees:tile_entity_species
-2117,69,2197,dynamictrees:tile_entity_species
-1901,87,2519,dynamictrees:tile_entity_species
-1895,86,2522,dynamictrees:tile_entity_species
-1896,86,2518,dynamictrees:tile_entity_species
-1887,86,2524,dynamictrees:tile_entity_species
-1869,29,2512,quark:monster_box
-1961,87,2517,dynamictrees:tile_entity_species
-1967,85,2513,dynamictrees:tile_entity_species
-1955,87,2519,dynamictrees:tile_entity_species
-1958,88,2524,dynamictrees:tile_entity_species
-1963,87,2523,dynamictrees:tile_entity_species
-1953,86,2513,dynamictrees:tile_entity_species
-1969,87,2520,dynamictrees:tile_entity_species
-1972,87,2526,dynamictrees:tile_entity_species
-1976,86,2525,dynamictrees:tile_entity_species
-1952,89,2526,dynamictrees:tile_entity_species
-1939,87,2522,dynamictrees:tile_entity_species
-1947,87,2516,dynamictrees:tile_entity_species
-1950,88,2520,dynamictrees:tile_entity_species
-1943,86,2517,dynamictrees:tile_entity_species
-1945,88,2521,dynamictrees:tile_entity_species
-1947,88,2525,dynamictrees:tile_entity_species
-1843,16,2242,quark:monster_box
-2105,68,2195,dynamictrees:tile_entity_species
-2100,68,2195,dynamictrees:tile_entity_species
-2095,68,2198,dynamictrees:tile_entity_species
-2083,68,2203,dynamictrees:tile_entity_species
-2088,67,2194,dynamictrees:tile_entity_species
-2084,67,2192,dynamictrees:tile_entity_species
-2080,68,2197,dynamictrees:tile_entity_species
-2075,68,2201,dynamictrees:tile_entity_species
-2069,68,2196,dynamictrees:tile_entity_species
-2078,69,2207,dynamictrees:tile_entity_species
-2173,75,2412,lootr:special_loot_barrel
-2171,75,2414,lootr:special_loot_barrel
-2162,57,2434,lootr:special_loot_chest
-1927,88,2515,dynamictrees:tile_entity_species
-1932,87,2521,dynamictrees:tile_entity_species
-1928,90,2527,dynamictrees:tile_entity_species
-1922,90,2523,dynamictrees:tile_entity_species
-1933,87,2515,dynamictrees:tile_entity_species
-1928,87,2519,dynamictrees:tile_entity_species
-1933,88,2526,dynamictrees:tile_entity_species
-1923,90,2518,dynamictrees:tile_entity_species
-1928,88,2523,dynamictrees:tile_entity_species
-1917,90,2523,dynamictrees:tile_entity_species
-1913,90,2522,dynamictrees:tile_entity_species
-1919,90,2519,dynamictrees:tile_entity_species
-1908,90,2525,dynamictrees:tile_entity_species
-1906,88,2521,dynamictrees:tile_entity_species
-1919,89,2513,dynamictrees:tile_entity_species
-2172,71,2197,dynamictrees:tile_entity_species
-2162,72,2207,dynamictrees:tile_entity_species
-2166,71,2197,dynamictrees:tile_entity_species
-2172,71,2204,dynamictrees:tile_entity_species
-2161,72,2219,dynamictrees:tile_entity_species
-2162,72,2212,dynamictrees:tile_entity_species
-2168,73,2222,resourcefulbees:tiered_beehive
-2107,92,2513,minecraft:skull
-2147,70,2188,dynamictrees:tile_entity_species
-2142,70,2189,dynamictrees:tile_entity_species
-2138,69,2178,dynamictrees:tile_entity_species
-2128,69,2180,dynamictrees:tile_entity_species
-2122,69,2181,dynamictrees:tile_entity_species
-2192,16,2441,quark:monster_box
-1972,88,2530,dynamictrees:tile_entity_species
-1976,90,2543,dynamictrees:tile_entity_species
-1970,90,2538,dynamictrees:tile_entity_species
-1972,89,2534,dynamictrees:tile_entity_species
-1975,89,2537,dynamictrees:tile_entity_species
-1958,89,2531,dynamictrees:tile_entity_species
-1964,89,2537,dynamictrees:tile_entity_species
-1955,92,2543,dynamictrees:tile_entity_species
-1959,91,2543,dynamictrees:tile_entity_species
-1953,90,2535,dynamictrees:tile_entity_species
-1963,91,2543,dynamictrees:tile_entity_species
-1966,88,2529,dynamictrees:tile_entity_species
-1957,90,2538,dynamictrees:tile_entity_species
-1940,89,2529,dynamictrees:tile_entity_species
-1952,91,2539,dynamictrees:tile_entity_species
-1948,91,2537,dynamictrees:tile_entity_species
-1947,89,2531,dynamictrees:tile_entity_species
-1940,56,2539,minecraft:mob_spawner
-1943,56,2537,lootr:special_loot_chest
-1828,70,2219,lootr:special_loot_barrel
-1826,70,2217,lootr:special_loot_barrel
-1829,75,2227,lootr:special_loot_chest
-1827,70,2228,minecraft:campfire
-1827,84,2228,minecraft:campfire
-1838,21,2250,minecraft:furnace
-1831,21,2250,lootr:special_loot_barrel
-2110,68,2184,dynamictrees:tile_entity_species
-2101,68,2191,dynamictrees:tile_entity_species
-2103,68,2177,dynamictrees:tile_entity_species
-1959,25,2183,quark:monster_box
-2089,67,2188,dynamictrees:tile_entity_species
-2086,67,2182,dynamictrees:tile_entity_species
-2081,67,2186,dynamictrees:tile_entity_species
-2090,67,2182,dynamictrees:tile_entity_species
-2050,68,2179,dynamictrees:tile_entity_species
-2072,67,2181,dynamictrees:tile_entity_species
-2065,67,2186,dynamictrees:tile_entity_species
-2078,67,2178,dynamictrees:tile_entity_species
-2178,75,2416,minecraft:bed
-2177,75,2416,minecraft:bed
-2181,80,2411,lootr:special_loot_chest
-2182,89,2413,minecraft:campfire
-2182,75,2413,minecraft:campfire
-1825,61,2302,minecraft:mob_spawner
-1827,61,2303,lootr:special_loot_chest
-1825,61,2300,lootr:special_loot_chest
-1931,93,2541,dynamictrees:tile_entity_species
-1929,93,2536,dynamictrees:tile_entity_species
-1929,91,2531,dynamictrees:tile_entity_species
-1934,92,2537,dynamictrees:tile_entity_species
-1923,92,2541,dynamictrees:tile_entity_species
-1883,86,2532,dynamictrees:tile_entity_species
-1883,86,2537,dynamictrees:tile_entity_species
-1886,86,2540,dynamictrees:tile_entity_species
-1896,86,2530,dynamictrees:tile_entity_species
-1890,86,2540,dynamictrees:tile_entity_species
-1904,88,2536,dynamictrees:tile_entity_species
-1894,86,2540,dynamictrees:tile_entity_species
-1899,87,2533,dynamictrees:tile_entity_species
-1899,87,2543,dynamictrees:tile_entity_species
-1900,86,2529,dynamictrees:tile_entity_species
-1899,87,2538,dynamictrees:tile_entity_species
-1894,86,2535,dynamictrees:tile_entity_species
-1891,86,2531,dynamictrees:tile_entity_species
-1919,92,2528,dynamictrees:tile_entity_species
-1917,91,2540,dynamictrees:tile_entity_species
-1906,89,2529,dynamictrees:tile_entity_species
-1912,91,2537,dynamictrees:tile_entity_species
-1906,89,2542,dynamictrees:tile_entity_species
-1911,91,2532,dynamictrees:tile_entity_species
-1918,92,2534,dynamictrees:tile_entity_species
-1908,89,2536,dynamictrees:tile_entity_species
-2162,69,2181,dynamictrees:tile_entity_species
-2174,49,2180,lootr:special_loot_chest
-2172,49,2177,lootr:special_loot_chest
-2174,49,2177,minecraft:mob_spawner
-2185,72,2195,resourcefulbees:tiered_beehive
-2181,71,2195,dynamictrees:tile_entity_species
-2183,71,2180,dynamictrees:tile_entity_species
-2183,70,2186,dynamictrees:tile_entity_species
-2181,16,2183,quark:monster_box
4,21,9,quark:monster_box
6,21,8,minecraft:mob_spawner
9,21,9,lootr:special_loot_chest
-2005,72,2400,slimier-slimes:monster_light_air
-2004,72,2400,slimier-slimes:monster_light_air
-2004,73,2400,slimier-slimes:monster_light_air
-2004,72,2399,slimier-slimes:monster_light_air
-2049,74,2314,slimier-slimes:monster_light_air
-2049,75,2314,slimier-slimes:monster_light_air
-2049,74,2313,slimier-slimes:monster_light_air
-2049,73,2313,slimier-slimes:monster_light_air
-2049,73,2312,slimier-slimes:monster_light_air
-2049,74,2312,slimier-slimes:monster_light_air
