x,y,z,uuid,type,alive,display_name,custom_name
-2010.891071435049,73.0,2368.938818276596,5c29d54e-f156-4803-bbbe-0d0fc3692be0,mowziesmobs:barakoan_barakoana,true,Barakoa,[null]
-2011.971507404614,73.0,2365.095769402479,09555ec2-7a5d-418a-ad53-0a210611206c,mowziesmobs:barakoana,true,Barakoana,[null]
-2014.3715424736474,73.0,2367.0885894900284,5a59dbe3-5522-4a2a-a2f8-e328f3881782,mowziesmobs:barakoan_barakoana,true,Barakoa,[null]
-2008.4366593482748,73.0,2365.418585883104,b60ddf83-3400-4f3d-961b-57b1fbd6da3c,mowziesmobs:barakoan_barakoana,true,Barakoa,[null]
-2014.7543774711633,72.53584062504456,2363.323574226558,f7a0540b-c543-4ae7-8927-e8dd1f1ddd9e,mowziesmobs:barakoan_barakoana,true,Barakoa,[null]
-2011.1355702499034,73.0,2362.7380209725293,bab03d5d-c5e2-4c5b-8479-ab4046f9518f,mowziesmobs:barakoan_barakoana,true,Barakoa,[null]
-2026.300000011921,63.0,2364.496369485168,774830ba-4723-40f8-bdfa-b8fa6d52b816,farlanders:rebel,true,Rebel Farlander,[null]
-2015.3737111070132,71.1212968405392,2382.6901237525835,33b993d8-1503-4816-8113-56d342f904ff,projectvibrantjourneys:slug,true,Slug,[null]
-2020.385221458407,74.55568447636333,2375.694706360384,8228e19b-4a62-4096-9060-5da059521d15,projectvibrantjourneys:firefly,true,Firefly,[null]
-1996.8605134626125,72.0,2340.3951418495094,4d4360cc-fcb4-40db-9a3b-ed394468a852,projectvibrantjourneys:slug,true,Slug,[null]
-1978.6909213890249,72.0,2350.7595865087033,1231e0bc-d7c9-4b21-a260-78d55fe98b9c,lycanitesmobs:kobold,true,Kobold ,[null]
-1983.5050958682289,74.38739730478544,2352.662006657083,393d8154-987b-4b89-a329-c822505b7ce4,alexsmobs:fly,true,Fly,[null]
-1974.119499131913,78.70687756389152,2370.48400948734,74951279-5523-4d27-aa9b-1bc6f36d83f4,projectvibrantjourneys:firefly,true,Firefly,[null]
-1988.711529647359,72.0,2381.7932336644476,a4c45cdc-d0b6-42b9-b6fa-9e1ccd5049cb,projectvibrantjourneys:slug,true,Slug,[null]
-2006.8440311303948,72.0,2383.8277931917737,9a04e0d3-5791-4b31-8cb8-4157a3024924,projectvibrantjourneys:snail,true,Snail,[null]
-2006.063279636018,72.0,2372.6399766822756,7c4828fc-a548-4243-af2d-1742106c190d,projectvibrantjourneys:small_spider,true,Small Spider,[null]
-2014.487665971383,71.0,2382.5293563356713,500b8849-7050-4d2c-8c37-a34e2386c33b,projectvibrantjourneys:snail,true,Snail,[null]
-2013.824653580865,71.0,2382.8362550102856,235902ce-7650-4d14-91ab-12188ffa5bf1,projectvibrantjourneys:slug,true,Slug,[null]
-2027.5,56.0,2336.5,4b3a4c4b-b714-4079-b397-0f829de11bb3,minecraft:skeleton,true,Skeleton,[null]
-2039.856684521343,70.0,2387.260317269668,971c2185-1f0d-4202-9c4c-343537a0ea8a,minecraft:item,true,Leather,[null]
-2039.4058656715458,70.0,2386.410927541549,5a15a7f2-b772-4748-a2b6-5dc907a22ba2,minecraft:item,true,Quill,[null]
-2029.461830854416,54.0,2389.538169145584,cf6c97e4-7341-481b-a336-b60649f8e004,lycanitesmobs:cephignis,true,Cephignis ,[null]
-2030.2085087299347,56.0,2388.7914912700653,30fd181a-f768-48db-bea8-be6659046a18,lycanitesmobs:cephignis,true,Cephignis ,[null]
-2026.4478941568013,55.10000002384186,2397.25,104f1c33-6fee-41ec-b94f-b30978603e23,minecraft:bat,true,Bat,[null]
-2019.6582172729372,71.0,2389.451543499443,f8001820-c668-43fa-b557-6da133714a2e,projectvibrantjourneys:snail,true,Snail,[null]
-1986.2227255400471,73.0,2386.7947856995893,eac6f1b4-b9e8-4502-b202-a2571443f981,projectvibrantjourneys:slug,true,Slug,[null]
-1988.3210213659268,73.0,2384.7064369374457,c844d461-f7fe-4516-a3c9-2856e8b0b9c6,projectvibrantjourneys:slug,true,Slug,[null]
-1989.6690736407322,73.0,2385.2288346732466,9514a1a0-c0a7-4836-ae99-7ffa405c2b8c,projectvibrantjourneys:snail,true,Snail,[null]
-2040.6029723186468,61.5,2374.608519170491,ce5c27a7-a012-4d1a-97ab-976808f32751,farlanders:rebel,true,Rebel Farlander,[null]
-1952.669861925097,79.61560415952074,2325.7972674587436,aa4bdf24-b383-460d-9c7f-7b423696e4fb,projectvibrantjourneys:firefly,true,Firefly,[null]
-2000.2119949788269,71.0,2326.097903265872,574b8928-a087-463f-b7ec-0fde10d0fe68,projectvibrantjourneys:slug,true,Slug,[null]
-2000.6444136183966,71.0,2328.948272306267,83858a55-7816-42cf-9eac-c3fe88ae2ab4,projectvibrantjourneys:slug,true,Slug,[null]
-1994.1042003882985,71.0,2327.011301308544,7a117ad7-d08c-4d69-a60e-912885334597,projectvibrantjourneys:slug,true,Slug,[null]
-1997.054189941116,71.0,2331.5700819336125,001349ed-9727-409f-85d1-7381d21896c7,projectvibrantjourneys:slug,true,Slug,[null]
-1989.5288943779608,73.0266416015444,2345.6635924420502,7072ff6d-2eb4-4411-842d-492f9d9a8cf9,projectvibrantjourneys:firefly,true,Firefly,[null]
-1972.2365669867495,63.5,2390.9577193110485,786dcac3-ad63-4154-9a7e-866c55ee105d,projectvibrantjourneys:firefly,true,Firefly,[null]
-1974.25,66.10000002384186,2388.25,f16b373f-3f97-4f06-a88f-9663a4dd8a0b,projectvibrantjourneys:night_bat,true,Bat,[null]
-1971.2701959225465,63.9755778153975,2393.2922608509675,aaaab8e1-94c0-4665-be0f-90905c172abd,projectvibrantjourneys:firefly,true,Firefly,[null]
-2020.4925748511741,51.0,2330.8349063608107,f9f6349c-6718-4774-9acb-ee6c4533e4d7,minecraft:creeper,true,Creeper,[null]
-2017.6633859152653,52.0,2325.379650678801,101cf7e0-d852-4ba7-83e0-70e943c2b004,farlanders:rebel,true,Rebel Farlander,[null]
-2026.5205107563881,58.0,2332.6573070022378,905ddef3-0dd4-4725-9969-d7321d88556a,minecraft:creeper,true,Creeper,[null]
-2030.5,60.0,2323.5,ed6d14d3-b62d-41ec-894b-84bc879f954f,minecraft:skeleton,true,Skeleton,[null]
-2028.5,60.0,2325.699999988079,96d0032c-1d88-40a6-a2e4-6fee3ac898ef,minecraft:skeleton,true,Skeleton,[null]
-1959.5,52.0,2310.5,b8f3c26a-97f7-4cf2-a6ee-3d5831c8856b,minecraft:enderman,true,Enderman,[null]
-1959.5,54.0,2319.5,b9af9530-85b8-4f57-a4f1-a9fbd54b487a,minecraft:zombie,true,Zombie,[null]
-1955.5,57.0,2330.5,1ac43301-d614-45cd-afc7-037eb3261aa3,minecraft:skeleton,true,Skeleton,[null]
-1968.8659330211606,74.12507916654474,2357.0060994167216,2478273d-b0a9-484d-95ba-be742ae4d1af,projectvibrantjourneys:firefly,true,Firefly,[null]
-2033.5,54.0,2402.5,bccf46d8-5c4f-4033-854a-227d35b20866,alexsmobs:cockroach,true,Cockroach,[null]
-1999.1676036116994,71.0,2403.3533727297913,a818d360-2822-41bd-b351-c065b31f9177,projectvibrantjourneys:snail,true,Snail,[null]
-2057.0751314393588,75.01202000109457,2392.285309833554,08274f62-9050-4b70-b581-e15d41320d83,projectvibrantjourneys:firefly,true,Firefly,[null]
-2052.875,72.0,2409.5866128024754,1555be15-e1c7-4d17-a851-a3972717976e,minecraft:item,true,Aubergine Seeds,[null]
-2039.8226421417519,75.09305479977148,2376.432227227215,c98651a1-996b-4a27-a251-66d61fbf780e,projectvibrantjourneys:firefly,true,Firefly,[null]
-1978.699999988079,60.0,2405.4994829818447,e1e4e103-7291-45e3-b26d-a6787064886a,minecraft:zombie_villager,true,Zombie Villager,[null]
-1985.050000000745,63.801091801156645,2412.949999999255,9434b528-baab-4faf-ac92-efcc263a4ea5,projectvibrantjourneys:firefly,true,Firefly,[null]
-1978.282783775879,62.45340718962246,2405.9637158951905,275063d4-b740-4b8e-ab2f-2099b60608a4,projectvibrantjourneys:night_bat,true,Bat,[null]
-1965.1311995907051,73.0,2417.3533085140957,f9856efe-4cf3-4696-a89d-e07eab3a2196,mowziesmobs:barakoan_barakoana,true,Barakoa,[null]
-2049.5,57.0,2363.5,d7251949-0086-43e2-8daa-d9f6ac2dd44b,alexsmobs:cockroach,true,Cockroach,[null]
-2056.925000011921,53.0,2304.5,f592bda5-f3ae-4328-b1d5-a7fdfff8736d,minecraft:enderman,true,Enderman,[null]
-2064.4765975533273,50.0,2315.8222946057717,08267a56-119d-452e-bfa8-a3b05d4d05cb,farlanders:looter,true,Looter,[null]
-2041.3087015393476,75.08678984715137,2327.841345435395,3c2b35e3-d18b-421d-815f-953433d6c79e,projectvibrantjourneys:firefly,true,Firefly,[null]
-1998.2570332344515,74.28277382053821,2329.9404019748067,e2f6d3c2-5810-4d94-acdb-cea19bb62704,projectvibrantjourneys:firefly,true,Firefly,[null]
-1999.5,53.0,2318.5,3324c356-3c81-43a2-a1b9-52b1891b1112,minecraft:enderman,true,Enderman,[null]
-2035.5746928012716,72.87974928381696,2309.039518453369,6ab13167-dff5-406e-b4e7-4f1237504e1a,alexsmobs:fly,true,Fly,[null]
-2045.193281384802,75.54970796923212,2358.524771527757,b69e59fc-e4bf-4527-af03-c5ac85a19599,projectvibrantjourneys:night_bat,true,Bat,[null]
-2037.9137937759979,73.02148849383056,2285.6483115776277,986edf59-a99d-426a-973e-5a7d40fa9b30,projectvibrantjourneys:firefly,true,Firefly,[null]
-2049.186734937225,76.2580282984571,2309.38155513797,91553be5-e32b-44cd-a1d0-03a10f1f0763,projectvibrantjourneys:firefly,true,Firefly,[null]
-1952.5,57.0,2289.5,9dc6c0b8-9995-422d-bc29-77b8cabf681c,minecraft:zombie,true,Zombie,[null]
-1966.2561657880765,75.23636777315811,2299.2509941943654,19862e4d-6083-44b0-9d6d-fa037c2fb6f9,projectvibrantjourneys:night_bat,true,Bat,[null]
-1951.813642287133,76.4397786777249,2320.550394466116,269fe9ed-5ca0-41b7-9b80-5d01a67429ae,projectvibrantjourneys:firefly,true,Firefly,[null]
-2039.3842788753589,71.02766399909711,2420.75157037602,97a44384-70ab-477a-9b23-d0e67395e5c2,projectvibrantjourneys:firefly,true,Firefly,[null]
-2059.7132445838856,54.5,2423.28111017171,cd5d3c50-d120-48c8-9017-9a5968f2868a,farlanders:looter,true,Looter,[null]
-1995.5,54.0,2423.5,9936ab52-1ac0-4a98-9382-00e1b56b1de4,farlanders:rebel,true,Rebel Farlander,[null]
-1967.557015254481,73.0,2418.997000218385,2ab2c689-1111-410b-982f-0924ea89051d,mowziesmobs:barakoan_barakoana,true,Barakoa,[null]
-1961.9117000151082,56.625,2421.0727943160073,19a8c982-8d77-4060-a36a-595bb3be3152,minecraft:zombie,true,Zombie,[null]
-1964.5338569924768,74.0,2421.6638189340274,c8853e98-f98c-4962-b540-cd15c5e27df5,mowziesmobs:barakoan_barakoana,true,Barakoa,[null]
-1967.3439758356803,73.0,2421.767411753665,7da99c38-b44d-4945-8b45-aa06bd7c060b,mowziesmobs:barakoan_barakoana,true,Barakoa,[null]
-1965.5000285370902,74.0,2419.9421640421137,3128a674-5bee-495b-9623-c71b466976a0,mowziesmobs:barakoana,true,Barakoana,[null]
-1962.4360904885104,74.0,2418.58671536748,f1c4316b-47e6-460f-ac42-8ab972336688,mowziesmobs:barakoan_barakoana,true,Barakoa,[null]
-1936.1736284091994,57.5,2425.9739536800485,f2f7b5e7-c138-4ca2-bb8d-26f7ca698f99,ars_nouveau:wilden_hunter,true,Wilden Hunter,[null]
-2060.9829274816198,73.61052577410221,2385.243475046088,ede9b405-c60b-4686-ba34-f68671a2c003,projectvibrantjourneys:firefly,true,Firefly,[null]
-2064.5,53.0,2301.5,a334981f-893f-4428-8f12-699780efd801,minecraft:zombie,true,Zombie,[null]
-2067.132338704135,51.0,2310.4953268606932,83bc5a28-6c29-4d67-a623-f7fe905def78,minecraft:spider,true,Spider,[null]
-2069.0224645544345,52.5,2304.814185309366,fd819ba4-2819-47e8-b5a7-c72b776a7c29,minecraft:creeper,true,Creeper,[null]
-2057.7720860386753,75.32167039873838,2332.4177618258404,a7d8026a-4cc6-43a7-bf98-34cab742aa06,projectvibrantjourneys:firefly,true,Firefly,[null]
-1940.699999988079,53.375,2280.480566517318,bbbdc32f-8c99-4623-b2ca-58f2ff740222,minecraft:creeper,true,Creeper,[null]
-2002.300000011921,56.0,2435.499442759508,b4048318-755f-4e03-a1b8-ee009e979427,farlanders:looter,true,Looter,[null]
-2064.699999988079,57.0,2432.5020412187996,d3cf1c86-c863-4e7a-b415-455da8872ea3,minecraft:enderman,true,Enderman,[null]
-2060.4886588186305,76.00373547713333,2281.7765072878915,b1167e30-6430-4cc0-a659-71d491567d15,projectvibrantjourneys:night_bat,true,Bat,[null]
-2084.091939352588,56.25,2283.4523640230213,c5778e93-ee4e-42e0-a081-710af67ededa,farlanders:looter,true,Looter,[null]
-2081.958703785731,74.0,2292.475525123649,7197f866-0b2f-4db3-86e1-9e4b6df8428c,resourcefulbees:iron_bee,true,Iron Bee,[null]
-2087.5181874292803,57.66295971489069,2313.25,866f8dfd-e748-42a3-9362-4b28bd93f214,minecraft:bat,true,Bat,[null]
-2084.125,75.0,2309.80955962432,2bab0140-ca5f-4d22-bf21-1138a55c3d66,minecraft:item,true,Maggot,[null]
-2084.349130964907,75.0,2309.0790216204896,32364a40-c92d-4ffa-a969-f00bd8391a4a,minecraft:item,true,Rotten Flesh,[null]
-2084.5325878016656,75.0,2309.875,3d1549a3-846e-4776-9681-05cd486e4355,minecraft:item,true,Bandages,[null]
-2089.3592261528484,75.0,2333.35206233096,1577be73-db85-42c5-be67-8a0fc2792c84,minecraft:item,true,Bandages,[null]
-1935.5,70.0,2374.5,6b6fb135-e230-47f4-98f3-7ffa528a21b4,ars_nouveau:wilden_stalker,true,Wilden Stalker,[null]
-2067.1179247361947,76.46758186110655,2441.6661112381857,ff9b2a24-13d1-4d43-bb7d-e31584da17f4,projectvibrantjourneys:firefly,true,Firefly,[null]
-2062.666354657143,76.46341034611949,2448.850663553282,8e26b486-449a-4edb-be36-1511b23111e2,projectvibrantjourneys:firefly,true,Firefly,[null]
-1918.5,25.375,2289.5,e10307e6-7c9c-4122-b5dd-bcf5794d39f3,minecraft:tnt_minecart,true,Minecart with TNT,[null]
-1906.5,29.125,2282.5,8bbba89f-6368-423b-bd75-2aa5508c27dd,lootr:lootr_minecart,true,Minecart with Chest,[null]
-1905.125,29.25,2287.8770764814562,c468c6ab-4f03-4083-a320-385ff7548ee0,minecraft:item,true,Gravel,[null]
-1904.4539912855444,29.0,2278.485942654756,51bd843b-8258-4280-92cc-bb73799b040e,minecraft:item,true,Gravel,[null]
-2036.24929558059,52.625,2267.636971250047,87294091-e97a-4035-85a4-73b791e988f1,minecraft:item,true,Bone,[null]
-2036.3837184469114,52.5,2268.1905977901133,738b37f4-872c-4d57-80de-14662583f91e,minecraft:item,true,Leather,[null]
-2107.1694521317017,57.0,2293.7283338401767,31d982db-04e5-4739-bdd9-733de887cf40,lycanitesmobs:cephignis,true,Cephignis ,[null]
-2103.285519093398,57.0,2297.2641984606503,4dc4faf9-b5bc-4a5e-8d13-f912a0f450a0,minecraft:item,true,Magma Cream,[null]
-2108.2456125178924,75.5,2462.128182910241,3f967683-5d86-4796-a20c-28dc5bb88e8e,minecraft:item,true,Crackled Gravel,[null]
-2101.8652737741445,80.0,2453.719613864973,94fbef08-6845-416b-90d4-f6d2667ab633,minecraft:item,true,Demon's Dream Seeds,[null]
-2101.875,80.0,2454.6522212504506,ff935755-6775-4267-b5d2-f14afab3bb49,minecraft:item,true,Aubergine Seeds,[null]
-2097.125,80.0,2455.125,707b6439-0e2f-4432-93de-6e7403dcdd71,minecraft:item,true,Aubergine Seeds,[null]
-2102.4521517023995,80.0,2452.5879666385354,8027f0f2-5dbd-4014-b139-5fdc815b7ba7,minecraft:item,true,Plant Fibers,[null]
-1888.4152061727991,75.0,2315.4356454521017,a91b2104-7d31-45df-8e76-1e4819c6f422,alexsmobs:gazelle,true,Gazelle,[null]
-2119.565964391082,80.06578745118856,2353.51959803564,31176bc5-da71-471e-8caa-e837a9c0480c,resourcefulbees:gold_bee,true,Gold Bee,[null]
-1994.5,98.0,2471.5,66cf5f0b-dfff-4b2b-a566-99ff52b9610b,minecraft:armor_stand,true,Armor Stand,[null]
-1936.5611583825196,25.625,2472.0356526544324,20b24ef3-def0-4f7a-a01d-2eafd6600ae7,minecraft:item,true,Foxfire Mushroom,[null]
-1936.9274712952028,25.25,2473.0684124010304,420e315f-9095-4642-9d02-fff562170308,minecraft:item,true,Foxfire Mushroom,[null]
-2002.4620843264531,70.0,2251.686058724719,63123b15-2db8-4f71-a8c7-6074ad1aff52,minecraft:item,true,Raw Rabbit,[null]
-1938.5,21.0625,2242.5,35a0b8a8-10db-4c21-a88c-3fb579ff497c,minecraft:tnt_minecart,true,Minecart with TNT,[null]
-1925.5,21.0,2242.5,06837ef2-a238-48e4-91c2-e6988c0e24c0,lootr:lootr_minecart,true,Minecart with Chest,[null]
-2118.889245844105,79.5,2456.5137385215235,dbc08347-26ce-43c6-8cfa-7c5af59d40fc,minecraft:item,true,Crackled Gravel,[null]
-2109.1957399845123,86.0,2463.492491798435,72a8d1fa-be66-465f-b803-fa3d10f3c98e,iceandfire:lightning_dragon,true,Lightning Dragon,[null]
-2112.875,81.0,2467.8939248732554,46b20a0a-1fb9-4ab9-8e98-cd9dcde72d11,minecraft:item,true,Crackled Gravel,[null]
-2106.9256641847346,78.25,2468.875,af24cc82-4a70-4d15-afba-9c0f272f0fcc,minecraft:item,true,Crackled Gravel,[null]
-2101.454390684638,80.375,2469.241306340783,eed5d03c-631a-454a-8525-8237cccf2866,minecraft:item,true,Crackled Gravel,[null]
-2148.1084566029813,76.16731664899302,2353.1089676488364,02e47444-8d84-412e-8081-21619467481b,resourcefulbees:iron_bee,true,Iron Bee,[null]
-1884.4295093662226,75.0,2315.5710635371947,04d2e8fd-a6ff-4dcf-a3b4-187feb55a82a,alexsmobs:emu,true,Emu,[null]
-1882.3818429227501,75.0,2316.6472303891255,c8278129-5593-4ba9-835d-c1d9f731ac1e,alexsmobs:emu,true,Emu,[null]
-2086.699171187656,11.0,2237.3909454903214,53769830-622c-4c3b-8f0c-794d19e37b56,minecraft:item,true,Stick,[null]
-1874.094885239087,75.0,2337.024552962534,d16bcb2e-667b-440a-be1b-dd3ecfd8c8d9,minecraft:item,true,Raw Mutton,[null]
-1874.097991887495,75.0,2336.7300605181968,a7eee304-5ab9-4b26-85ae-ea424f1750d4,minecraft:item,true,White Wool,[null]
-1858.4798745732721,74.0,2378.445592646731,6e4f3d11-3e09-431a-b926-168109679c77,iceandfire:cyclops,true,Cyclops,[null]
-2150.467961985492,28.25,2350.8529188410375,2cf4d82b-7d13-4fbb-874b-3cc7d722d9cc,minecraft:item,true,Gravel,[null]
-2150.125,21.5,2348.947402329128,8ae0201f-36ff-4f7c-b135-219d4d168989,minecraft:item,true,Gravel,[null]
-1901.5,25.0625,2498.5,6acfc5d6-9518-4a72-b59c-edb4e4f5e699,lootr:lootr_minecart,true,Minecart with Chest,[null]
-1922.5,25.0625,2498.5,541f61c8-c8ca-4971-9d16-fb47f036f896,lootr:lootr_minecart,true,Minecart with Chest,[null]
-1953.2563240463217,72.0,2208.297487304626,abf1375a-eb29-493f-9e65-681527012d59,minecraft:item,true,Coal,[null]
-1871.298537320547,75.0,2345.4810224418566,0983872c-6a9f-45a9-9e08-0e1450b36db9,minecraft:item,true,Raw Mutton,[null]
-1869.6620985580375,75.0,2346.179756272682,0dc899cc-c26d-4c56-a64e-c644519a8c2f,minecraft:item,true,Leather,[null]
-1858.4336613169214,21.25,2273.125,553f1fa6-f174-4436-8da8-a65f9368173a,minecraft:item,true,Gravel,[null]
-1843.5,21.0625,2255.5,212ded3c-2d56-4f0e-b3cc-f028a33bcb94,lootr:lootr_minecart,true,Minecart with Chest,[null]
-1907.5,21.5,2198.5,07f06763-ddb4-4d3c-b654-2ee2a8f2fc96,minecraft:tnt_minecart,true,Minecart with TNT,[null]
-1953.2496470524868,72.0,2207.5492989131008,6a79d4df-ef1c-48ff-ac65-f732dbd7f637,minecraft:item,true,Raw Rabbit,[null]
-2165.1321227965173,73.125,2303.329536049319,3ff6c12b-7628-4322-9173-ce6e63b14317,minecraft:item,true,Gravel,[null]
-2161.125,78.0,2277.875,a86c4955-e0ae-4500-b878-1a464b37b5c2,minecraft:item,true,Stick,[null]
-2166.6500000059605,73.89122899705507,2222.500009019803,c107e439-534e-46cf-9662-efb9e79c735e,resourcefulbees:rgbee_bee,true,RGBee,[null]
-2116.5,54.0,2181.5,dd0ecc2b-9578-458a-a275-1537ed03947e,mowziesmobs:ferrous_wroughtnaut,true,Ferrous Wroughtnaut,[null]
-1880.7109709148642,72.17334987529985,2176.561250317408,fa687254-5929-423c-98fe-2cd50e8a9a49,resourcefulbees:iron_bee,true,Iron Bee,[null]
-1881.5508999899491,72.09000000715255,2176.584559824415,ac213ed7-1e85-447e-a4ef-51659880f0e9,resourcefulbees:gold_bee,true,Gold Bee,[null]
-2191.6287305199353,85.1281460964706,2446.3707641183514,d4652636-787d-458d-93ee-8ed636d2fb44,resourcefulbees:gold_bee,true,Gold Bee,[null]
-1979.5,34.0,2537.5,de25ed35-98d8-4b52-9165-ef2e00cf2321,lootr:lootr_minecart,true,Minecart with Chest,[null]
-1837.5,21.0625,2242.5,9a9a75d8-2d45-4833-afa4-cf342b11351c,lootr:lootr_minecart,true,Minecart with Chest,[null]
-1837.5,26.0,2279.5,baa5f472-feed-424d-b940-4ad31bcaa3fe,minecraft:tnt_minecart,true,Minecart with TNT,[null]
-2184.3718194636917,72.17334987529985,2194.5001353030166,e3fd0e2a-6dd6-4d9f-be48-c16bf12c3b64,resourcefulbees:creeper_bee,true,Beeper Bee,[null]
-2187.1566409078623,74.20423939613107,2195.1730129731445,d45a8ea3-d7e2-4b9f-ae29-ad29606b798f,resourcefulbees:coal_bee,true,Coal Bee,[null]
-2111.3236563048126,87.75200009346008,2467.487069165439,39db6c32-bfb4-4a90-b2ad-0c25c689616b,iceandfire:dragon_multipart,true,Dragon Part,[null]
-2110.3626618845874,88.04399991035461,2465.683066571809,6d7af9b5-87a1-4c76-a2e7-0a9452c5cc75,iceandfire:dragon_multipart,true,Dragon Part,[null]
-2111.772886667196,87.46000003814697,2462.1196424179534,31f284f4-b0a8-4e0a-ab67-89ec9f1af61c,iceandfire:dragon_multipart,true,Dragon Part,[null]
-2112.4151815839446,86.87600004673004,2460.973178732942,8fe4f19f-2c99-4454-8a80-0db4e27b1b44,iceandfire:dragon_multipart,true,Dragon Part,[null]
-2106.6185931818104,87.46000003814697,2464.865340953615,513a53f4-83a7-4686-924b-eb588e525951,iceandfire:dragon_multipart,true,Dragon Part,[null]
-2105.308798594628,86.87600004673004,2464.758757633765,dfaec577-9056-4ff4-a56d-c69137ba3c2b,iceandfire:dragon_multipart,true,Dragon Part,[null]
-2108.166103033639,87.75200009346008,2461.559631741415,cbd30529-690e-4bbf-a4cb-e6a595e6dadb,iceandfire:dragon_multipart,true,Dragon Part,[null]
-2107.6169633489258,87.31400001049042,2460.528773086423,baed32e9-0636-45be-9634-497071a61c49,iceandfire:dragon_multipart,true,Dragon Part,[null]
-2107.136466082766,87.02199995517731,2459.6267716843954,66a42fa1-4c61-40e3-9032-0286065e2497,iceandfire:dragon_multipart,true,Dragon Part,[null]
-2106.518683867405,86.73000001907349,2458.4670555660136,8b51ef1c-f4c7-46e8-ae9f-8ee6e3d286cf,iceandfire:dragon_multipart,true,Dragon Part,[null]
-1858.2938927806586,81.40000009536743,2378.372034683135,c7ed71c9-d716-418a-8fe6-092dd4daee18,iceandfire:cylcops_multipart,true,Cyclops Eye,[null]
-2002.7205482048778,73.0,2362.8303350655765,9df6acb3-6618-474a-a2b0-e2e74748ae05,minecraft:player,true,amoooooooooo,[null]
-1952.1323620905305,73.0,2322.621557398513,f0e0dac0-e9b4-4a8e-a998-baf7fb35c72e,minecraft:item,true,Nether End Nug,[null]
-1953.3032487662786,73.0,2323.1335859916894,74ce802d-5e03-4491-a8c2-f8165fe4d4ac,minecraft:item,true,Amulet Relic,[null]
-1876.6982517698943,68.0,2358.402469225456,c958bd6f-203e-4472-a938-f6e70545115f,minecraft:item,true,Gravel,[null]
-1961.9335681440052,74.0,2402.933581445856,55e68231-713d-4249-86ac-4b3ae925a9ed,eyesinthedarkness:eyes,true,Eyes,[null]
-2024.83751650947,53.0,2298.78558534687,9498fb45-d7b1-4c62-b4d2-e80c7893b1b4,theabyss:endspider,true,Abyss End Spider,[null]
-1963.0736715488536,74.0,2433.931271802145,abc14d82-f473-47b1-84d4-c566684103fe,ars_nouveau:wilden_stalker,true,Wilden Stalker,[null]
-1951.6103665112526,73.18974669542163,2284.2894144220177,feb72ef3-5be0-43fc-a398-c3f574497311,lycanitesmobs:kobold,true,Kobold ,[null]
-1946.3088203930954,74.0,2439.7749920044944,353d0720-fb59-4391-bdf3-664852549c51,lycanitesmobs:kobold,true,Kobold ,[null]
-1951.3477097607952,74.26133601635652,2286.687030488642,b2ebcc0f-1866-4f1f-a06a-280b5182c7c9,lycanitesmobs:ventoraptor,true,Ventoraptor ,[null]
-1950.6493810142458,73.0,2285.6797844228813,64cdd486-bb02-40ee-99af-b2e6ce8d1b79,lycanitesmobs:ventoraptor,true,Ventoraptor ,[null]
-2040.5024005640437,73.0,2440.7852029323813,f5817bec-49d9-4a47-a70d-f13a359cc224,lycanitesmobs:barghest,true,Baby Barghest ,[null]
-2026.9957670043468,72.0,2447.686788737774,185e9275-d6ff-4f1e-b53c-c1b4bf97fbe9,lycanitesmobs:ventoraptor,true,Ventoraptor ,[null]
-1970.1338829566032,72.0,2319.1837259108534,d31369e1-dab8-4683-8a8a-0c2399e45f32,ars_nouveau:wilden_stalker,true,Wilden Stalker,[null]
-2029.5,71.0,2289.5,c59ab740-675a-44f1-b7a2-e32d7371ac83,ars_nouveau:wilden_hunter,true,Wilden Hunter,[null]
-2001.2567478209473,73.0,2363.530645136436,ba16d135-81c6-482b-9d6b-7382a82863e0,minecraft:item,true,Power Crystal Shard,[null]
-1979.4810919886752,73.0,2400.4809781561853,064c1eb0-4a7f-41ff-932f-864622516e1c,eyesinthedarkness:eyes,true,Eyes,[null]
-2035.5,70.0,2390.5,8d49363d-3055-48f3-90d7-14b1be4d8486,ars_nouveau:wilden_stalker,true,Wilden Stalker,[null]
-2008.5,71.0,2399.5,b95a7b1a-88e9-4129-a0dd-f0dd4842c41c,ars_nouveau:wilden_stalker,true,Wilden Stalker,[null]
-2058.805496731309,73.23152379758702,2326.9502504675197,de428097-988b-4b0a-9774-bdda8b498d5e,ars_nouveau:wilden_stalker,true,Wilden Stalker,[null]
-1940.951702322092,75.0,2391.195173153865,6066b905-e43a-4233-8892-b2e55cadb189,farlanders:rebel,true,Rebel Farlander,[null]
-1997.777279803309,72.0,2386.2493856239957,4dbd8927-3968-4410-96eb-b49102c16921,eyesinthedarkness:eyes,true,Eyes,[null]
-2007.5,71.0,2400.5,0a90b701-1b15-4fff-a420-811dad856795,ars_nouveau:wilden_stalker,true,Wilden Stalker,[null]
-2003.632787968679,71.0,2399.332084641256,e4051bab-d67b-4b1f-b346-dcf80682bd75,slimier-slimes:glow_slime,true,Glow Slime,[null]
-2059.4834334265583,73.0,2384.42297610463,8c8894ec-b293-42ad-bacd-5c7af476addd,slimier-slimes:rock_slime,true,Rock Slime,[null]
-1954.5,75.0,2399.5,d6e483a7-b861-454f-a176-d9a6edc6449a,eyesinthedarkness:eyes,true,Eyes,[null]
-2048.939124923967,73.0,2312.6175754832616,2f7af0d5-2988-4e38-8616-eeb680194218,slimier-slimes:glow_slime,true,Glow Slime,[null]
-2062.5,73.0,2359.5,3ebea8f7-b293-4d3a-b3d4-ffea432e5946,ars_nouveau:wilden_hunter,true,Wilden Hunter,[null]
-2039.3370740475705,71.0,2381.3979447741635,38e71a28-aae5-445a-abd5-7c8f6136888b,farlanders:looter,true,Looter,[null]
-1970.5,57.0,2365.5,26816a9d-f9c2-4504-a203-8a5b0ebd280c,lycanitesmobs:afrit,true,Afrit ,[null]
-2024.745472073555,56.0,2392.745472073555,65075ff8-7460-4f79-a2d1-5ca98b971b27,lycanitesmobs:afrit,true,Afrit ,[null]
-2027.4868898030734,54.00287534716745,2391.60641553998,377003f3-1393-45b1-8f77-b47d8b5b1aa7,lycanitesmobs:afrit,true,Afrit ,[null]
-2029.3525373239017,55.772656622772544,2390.981956468518,c12bfdf2-182e-4e75-b022-b056fbb03941,lycanitesmobs:salamander,true,Violet  Salamander ,[null]
-1935.0408086728949,25.8246938437568,2460.158855709026,a3946c8f-b68f-4f51-a9d5-b5e7295a9ac9,minecraft:item,true,Gravel,[null]
