{
  "display": {
    "icon": {
      "item": "minecraft:ice"
    },
    "title": {
      "text": "Watcher Camp"
    },
    "description": {
      "text": "Freezing campsite watched under the silver eyes!"
    },
    "frame": "task",
    "show_toast": true,
    "announce_to_chat": true,
    "hidden": false
  },
  "parent": "dnl:story/structures/railway_outpost/locate",
  "criteria": {
    "locate watcher camp": {
      "trigger": "minecraft:impossible"
    }
  },
  "rewards": {
    "function": "dnl:advancements/locate_dungeon"
  }
}
