{
  "pools": [
    {
      "rolls": 3,
      "entries": [
        {
          "type": "minecraft:item",
          "name": "diamond",
          "weight": 1
        },
        {
          "type": "minecraft:item",
          "name": "gold_ingot",
          "weight": 3,
          "functions": [
            {
              "function": "minecraft:set_count",
              "count": {
                "min": 1,
                "max": 9
              }
            }
          ]
        },
        {
          "type": "minecraft:item",
          "name": "redstone_block",
          "weight": 2,
          "functions": [
            {
              "function": "minecraft:set_count",
              "count": {
                "min": 1,
                "max": 2
              }
            }
          ]
        },
        {
          "type": "minecraft:item",
          "name": "crying_obsidian",
          "weight": 3,
          "functions": [
            {
              "function": "minecraft:set_count",
              "count": {
                "min": 1,
                "max": 5
              }
            }
          ]
        }

      ]
    },
    {
      "rolls": 2,
      "entries": [
        {
          "type": "minecraft:item",
          "name": "nether_bricks",
          "weight": 4,
          "functions": [
            {
              "function": "minecraft:set_count",
              "count": {
                "min": 10,
                "max": 20
              }
            }
          ]
        },
        {
          "type": "minecraft:item",
          "name": "nether_brick",
          "weight": 3,
          "functions": [
            {
              "function": "minecraft:set_count",
              "count": {
                "min": 10,
                "max": 25
              }
            }
          ]
        },
        {
          "type": "minecraft:item",
          "name": "glowstone_dust",
          "weight": 2,
          "functions": [
            {
              "function": "minecraft:set_count",
              "count": {
                "min": 15,
                "max": 32
              }
            }
          ]
        }
      ]
    }
  ]
}