{
  "pools": [
    {
      "rolls": 3,
      "entries": [
        {
          "type": "minecraft:item",
          "name": "diamond",
          "weight": 4,
          "functions": [
            {
              "function": "minecraft:set_count",
              "count": {
                "min": 1,
                "max": 2
              }
            }
          ]
        },
        {
          "type": "minecraft:item",
          "name": "gold_ingot",
          "weight": 3,
          "functions": [
            {
              "function": "minecraft:set_count",
              "count": {
                "min": 1,
                "max": 7
              }
            }
          ]
        },
        {
          "type": "minecraft:item",
          "name": "redstone_block",
          "weight": 2,
          "functions": [
            {
              "function": "minecraft:set_count",
              "count": {
                "min": 1,
                "max": 4
              }
            }
          ]
        },
        {
          "type": "minecraft:item",
          "name": "obsidian",
          "weight": 3,
          "functions": [
            {
              "function": "minecraft:set_count",
              "count": {
                "min": 4,
                "max": 8
              }
            }
          ]
        }

      ]
    },
    {
      "rolls": 2,
      "entries": [
        {
          "type": "minecraft:item",
          "name": "nether_bricks",
          "weight": 4,
          "functions": [
            {
              "function": "minecraft:set_count",
              "count": {
                "min": 10,
                "max": 20
              }
            }
          ]
        },
        {
          "type": "minecraft:item",
          "name": "nether_brick",
          "weight": 3,
          "functions": [
            {
              "function": "minecraft:set_count",
              "count": {
                "min": 10,
                "max": 25
              }
            }
          ]
        },
        {
          "type": "minecraft:item",
          "name": "lava_bucket",
          "weight": 2,
          "functions": [
            {
              "function": "minecraft:set_count",
              "count": {
                "min": 1,
                "max": 1
              }
            }
          ]
        }
      ]
    },
    {
      "rolls": 1,
      "entries": [
        {
          "type": "minecraft:item",
          "name": "diamond_pickaxe",
          "weight": 2,
          "functions": [
            {
              "function": "minecraft:set_damage",
              "damage": {
                "min": 0,
                "max": 0.5
              }
            },
            {
              "function": "minecraft:enchant_with_levels",
              "levels": {
                "min": 5,
                "max": 25
              },
              "treasure": false
            }
          ]
        },
        {
          "type": "minecraft:item",
          "name": "diamond_shovel",
          "weight": 2,
          "functions": [
            {
              "function": "minecraft:set_damage",
              "damage": {
                "min": 0,
                "max": 0.5
              }
            },
            {
              "function": "minecraft:enchant_with_levels",
              "levels": {
                "min": 5,
                "max": 25
              },
              "treasure": false
            }
          ]
        },
        {
          "type": "minecraft:item",
          "name": "diamond_axe",
          "weight": 2,
          "functions": [
            {
              "function": "minecraft:set_damage",
              "damage": {
                "min": 0,
                "max": 0.5
              }
            },
            {
              "function": "minecraft:enchant_with_levels",
              "levels": {
                "min": 5,
                "max": 25
              },
              "treasure": false
            }
          ]
        },
        {
          "type": "minecraft:item",
          "name": "diamond_sword",
          "weight": 2,
          "functions": [
            {
              "function": "minecraft:set_damage",
              "damage": {
                "min": 0,
                "max": 0.5
              }
            },
            {
              "function": "minecraft:enchant_with_levels",
              "levels": {
                "min": 5,
                "max": 25
              },
              "treasure": false
            }
          ]
        }
      ]
    },
    {
    "rolls": 1,
      "entries": [
        {
          "type": "minecraft:item",
          "name": "ancient_debris",
          "weight": 4
        },
        {
          "type": "minecraft:item",
          "name": "netherite_scrap",
          "weight": 4
        }
      ]
    }
  ]
}