{
  "pools": [
    {
      "rolls": 3,
      "entries": [
        {
          "type": "minecraft:item",
          "name": "diamond",
          "weight": 2
        },
        {
          "type": "minecraft:item",
          "name": "glowstone",
          "weight": 3,
          "functions": [
            {
              "function": "minecraft:set_count",
              "count": {
                "min": 5,
                "max": 16
              }
            }
          ]
        },
        {
          "type": "minecraft:item",
          "name": "crying_obsidian",
          "weight": 2,
          "functions": [
            {
              "function": "minecraft:set_count",
              "count": {
                "min": 4,
                "max": 8
              }
            }
          ]
        },
        {
          "type": "minecraft:item",
          "name": "gold_ingot",
          "weight": 3,
          "functions": [
            {
              "function": "minecraft:set_count",
              "count": {
                "min": 4,
                "max": 8
              }
            }
          ]
        },
        {
          "type": "minecraft:item",
          "name": "iron_ingot",
          "weight": 2,
          "functions": [
            {
              "function": "minecraft:set_count",
              "count": {
                "min": 4,
                "max": 8
              }
            }
          ]
        }


      ]
    },
    {
      "rolls": 2,
      "entries": [
        {
          "type": "minecraft:item",
          "name": "magenta_stained_glass",
          "weight": 4,
          "functions": [
            {
              "function": "minecraft:set_count",
              "count": {
                "min": 10,
                "max": 20
              }
            }
          ]
        },
        {
          "type": "minecraft:item",
          "name": "purple_stained_glass",
          "weight": 4,
          "functions": [
            {
              "function": "minecraft:set_count",
              "count": {
                "min": 10,
                "max": 25
              }
            }
          ]
        },
        {
          "type": "minecraft:item",
          "name": "obsidian",
          "weight": 2,
          "functions": [
            {
              "function": "minecraft:set_count",
              "count": {
                "min": 1,
                "max": 5
              }
            }
          ]
        }
      ]
    },
    {
      "rolls": 1,
      "entries": [
        {
          "type": "minecraft:item",
          "name": "shield",
          "weight": 2,
          "functions": [
            {
              "function": "minecraft:set_name",
              "name": {
  "translate": "Radiation Shield",
  "color": "#44ff00",
  "italic": false}
            
            },
            {
              "function": "minecraft:set_lore",
              "lore": [{"translate":"Releases radiation","color":"#77cc00","italic":"false"},
                        {"translate":"when blocking an attack","color":"#77cc00","italic":"false"}],
              "entity": "this"
            },
            {
              "function": "minecraft:set_nbt",
              "tag": "{Tags:[\"radiation\"],HideFlags:32,BlockEntityTag:{Patterns:[{Pattern:\"hhb\",Color:15},{Pattern:\"bt\",Color:4},{Pattern:\"mr\",Color:14},{Pattern:\"mc\",Color:15},{Pattern:\"flo\",Color:14},{Pattern:\"tt\",Color:15}],Base:4}}"
            }
          ]
        }
      ]
    }
      ]
    }
  ]
}