{
  "pools": [
    {
      "rolls": 3,
      "entries": [
        {
          "type": "minecraft:item",
          "name": "gold_nugget",
          "weight": 5,
          "functions": [
            {
              "function": "minecraft:set_count",
              "count": {
                "min": 10,
                "max": 20
              }
            }
          ]
        },
        {
          "type": "minecraft:item",
          "name": "glass_bottle",
          "weight": 2,
          "functions": [
            {
              "function": "minecraft:set_count",
              "count": {
                "min": 1,
                "max": 4
              }
            }
          ]
        },
        {
          "type": "minecraft:item",
          "name": "string",
          "weight": 2,
          "functions": [
            {
              "function": "minecraft:set_count",
              "count": {
                "min": 3,
                "max": 6
              }
            }
          ]
        },
        {
          "type": "minecraft:item",
          "name": "netherrack",
          "weight": 2,
          "functions": [
            {
              "function": "minecraft:set_count",
              "count": {
                "min": 5,
                "max": 10
              }
            }
          ]
        }
      ]
    },
    {
      "rolls": 4,
      "entries": [
        {
          "type": "minecraft:item",
          "name": "gold_ingot",
          "weight": 5
        },
        {
          "type": "minecraft:item",
          "name": "iron_ingot",
          "weight": 3,
          "functions": [
            {
              "function": "minecraft:set_count",
              "count": {
                "min": 1,
                "max": 2
              }
            }
          ]
        },
        {
          "type": "minecraft:item",
          "name": "obsidian",
          "weight": 1
        },
        {
          "type": "minecraft:item",
          "name": "crying_obsidian",
          "weight": 1
        },
        {
          "type": "minecraft:item",
          "name": "gravel",
          "weight": 1,
          "functions": [
            {
              "function": "minecraft:set_count",
              "count": {
                "min": 16,
                "max": 32
              }
            }
          ]
        },
        {
          "type": "minecraft:item",
          "name": "quartz",
          "weight": 1,
          "functions": [
            {
              "function": "minecraft:set_count",
              "count": {
                "min": 1,
                "max": 5
              }
            }
          ]
        }
      ]
    },
    {
      "rolls": 1,
      "entries": [
        {
          "type": "minecraft:item",
          "name": "golden_sword",
          "weight": 2,
          "functions": [
            {
              "function": "minecraft:set_damage",
              "damage": {
                "min": 0,
                "max": 1
              }
            },
            {
              "function": "minecraft:enchant_with_levels",
              "levels": {
                "min": 20,
                "max": 30
              },
              "treasure": true,
              "conditions": [
                {
                  "condition": "minecraft:random_chance",
                  "chance": 0.4
                }
              ]
            }
          ]
        },
        {
          "type": "minecraft:item",
          "name": "golden_axe",
          "weight": 2,
          "functions": [
            {
              "function": "minecraft:set_damage",
              "damage": {
                "min": 0,
                "max": 1
              }
            },
            {
              "function": "minecraft:enchant_with_levels",
              "levels": {
                "min": 20,
                "max": 30
              },
              "treasure": true,
              "conditions": [
                {
                  "condition": "minecraft:random_chance",
                  "chance": 0.4
                }
              ]
            }
          ]
        },
        {
          "type": "minecraft:item",
          "name": "golden_pickaxe",
          "weight": 2,
          "functions": [
            {
              "function": "minecraft:set_damage",
              "damage": {
                "min": 0,
                "max": 1
              }
            },
            {
              "function": "minecraft:enchant_with_levels",
              "levels": {
                "min": 20,
                "max": 30
              },
              "treasure": true,
              "conditions": [
                {
                  "condition": "minecraft:random_chance",
                  "chance": 0.4
                }
              ]
            }
          ]
        },
        {
          "type": "minecraft:item",
          "name": "golden_shovel",
          "weight": 2,
          "functions": [
            {
              "function": "minecraft:set_damage",
              "damage": {
                "min": 0,
                "max": 1
              }
            },
            {
              "function": "minecraft:enchant_with_levels",
              "levels": {
                "min": 20,
                "max": 30
              },
              "treasure": true,
              "conditions": [
                {
                  "condition": "minecraft:random_chance",
                  "chance": 0.4
                }
              ]
            }
          ]
        },
        {
          "type": "minecraft:item",
          "name": "golden_helmet",
          "weight": 2,
          "functions": [
            {
              "function": "minecraft:set_damage",
              "damage": {
                "min": 0,
                "max": 1
              }
            },
            {
              "function": "minecraft:enchant_with_levels",
              "levels": {
                "min": 20,
                "max": 30
              },
              "treasure": true,
              "conditions": [
                {
                  "condition": "minecraft:random_chance",
                  "chance": 0.4
                }
              ]
            }
          ]
        },
        {
          "type": "minecraft:item",
          "name": "golden_boots",
          "weight": 2,
          "functions": [
            {
              "function": "minecraft:set_damage",
              "damage": {
                "min": 0,
                "max": 1
              }
            },
            {
              "function": "minecraft:enchant_with_levels",
              "levels": {
                "min": 20,
                "max": 30
              },
              "treasure": true,
              "conditions": [
                {
                  "condition": "minecraft:random_chance",
                  "chance": 0.4
                }
              ]
            }
          ]
        },
        {
          "type": "minecraft:item",
          "name": "golden_leggings",
          "weight": 2,
          "functions": [
            {
              "function": "minecraft:set_damage",
              "damage": {
                "min": 0,
                "max": 1
              }
            },
            {
              "function": "minecraft:enchant_with_levels",
              "levels": {
                "min": 20,
                "max": 30
              },
              "treasure": true,
              "conditions": [
                {
                  "condition": "minecraft:random_chance",
                  "chance": 0.4
                }
              ]
            }
          ]
        },
        {
          "type": "minecraft:item",
          "name": "golden_helmet",
          "weight": 2,
          "functions": [
            {
              "function": "minecraft:set_damage",
              "damage": {
                "min": 0,
                "max": 1
              }
            },
            {
              "function": "minecraft:enchant_with_levels",
              "levels": {
                "min": 20,
                "max": 30
              },
              "treasure": true,
              "conditions": [
                {
                  "condition": "minecraft:random_chance",
                  "chance": 0.4
                }
              ]
            }
          ]
        },
        {
          "type": "minecraft:item",
          "name": "golden_chestplate",
          "weight": 2,
          "functions": [
            {
              "function": "minecraft:set_damage",
              "damage": {
                "min": 0,
                "max": 1
              }
            },
            {
              "function": "minecraft:enchant_with_levels",
              "levels": {
                "min": 20,
                "max": 30
              },
              "treasure": true,
              "conditions": [
                {
                  "condition": "minecraft:random_chance",
                  "chance": 0.4
                }
              ]
            }
          ]
        },
        {
          "type": "minecraft:item",
          "name": "chainmail_helmet",
          "weight": 1,
          "functions": [
            {
              "function": "minecraft:set_damage",
              "damage": {
                "min": 0,
                "max": 1
              }
            },
            {
              "function": "minecraft:enchant_with_levels",
              "levels": {
                "min": 10,
                "max": 30
              },
              "treasure": true,
              "conditions": [
                {
                  "condition": "minecraft:random_chance",
                  "chance": 0.7
                }
              ]
            }
          ]
        },
        {
          "type": "minecraft:item",
          "name": "chainmail_chestplate",
          "weight": 1,
          "functions": [
            {
              "function": "minecraft:set_damage",
              "damage": {
                "min": 0,
                "max": 1
              }
            },
            {
              "function": "minecraft:enchant_with_levels",
              "levels": {
                "min": 10,
                "max": 30
              },
              "treasure": true,
              "conditions": [
                {
                  "condition": "minecraft:random_chance",
                  "chance": 0.7
                }
              ]
            }
          ]
        },
        {
          "type": "minecraft:item",
          "name": "chainmail_leggings",
          "weight": 1,
          "functions": [
            {
              "function": "minecraft:set_damage",
              "damage": {
                "min": 0,
                "max": 1
              }
            },
            {
              "function": "minecraft:enchant_with_levels",
              "levels": {
                "min": 10,
                "max": 30
              },
              "treasure": true,
              "conditions": [
                {
                  "condition": "minecraft:random_chance",
                  "chance": 0.7
                }
              ]
            }
          ]
        },
        {
          "type": "minecraft:item",
          "name": "chainmail_boots",
          "weight": 1,
          "functions": [
            {
              "function": "minecraft:set_damage",
              "damage": {
                "min": 0,
                "max": 1
              }
            },
            {
              "function": "minecraft:enchant_with_levels",
              "levels": {
                "min": 10,
                "max": 30
              },
              "treasure": true,
              "conditions": [
                {
                  "condition": "minecraft:random_chance",
                  "chance": 0.7
                }
              ]
            }
          ]
        }
      ]
    }
  ]
}