{
  "type": "minecraft:decorated",
  "config": {
    "decorator": {
      "type": "minecraft:count_extra",
      "config": {
        "count": 128,
        "extra_count": 75000,
        "extra_chance": 1
      }
    },
    "feature": {
      "type": "minecraft:decorated",
      "config": {
        "decorator": {
          "type": "minecraft:square",
          "config": {}
        },
        "feature": {
          "type": "minecraft:decorated",
          "config": {
            "decorator": {
              "type": "minecraft:count_noise_biased",
              "config": {
                "noise_to_count_ratio": -10,
                "noise_factor": 175,
                "noise_offset": 0.275
              }
            },
            "feature": "starmute:nether_wastes/stalactite"
          }
        }
      }
    }
  }
}