{
  "type": "minecraft:decorated",
  "config": {
    "decorator": {
      "type": "minecraft:count",
      "config": {
        "count": 128
      }
    },
    "feature": {
      "type": "minecraft:decorated",
      "config": {
        "decorator": {
          "type": "minecraft:square",
          "config": {}
        },
        "feature": {
          "type": "minecraft:fill_layer",
          "config": {
            "state": {
              "Name": "minecraft:lava",
              "Properties": {
                "level": "0"
              }
            },
            "height": 31
          }
        }
      }
    }
  }
}