{
  "type": "minecraft:decorated",
  "config": {
    "decorator": {
      "type": "minecraft:range",
      "config": {
        "maximum": 128,
        "bottom_offset": 0,
        "top_offset": 0
      }
    },
    "feature": {
      "type": "minecraft:decorated",
      "config": {
        "decorator": {
          "type": "minecraft:square",
          "config": {
          }
        },
        "feature": {
          "type": "minecraft:simple_block",
          "config": {
            "to_place": {
              "Name": "minecraft:netherrack"
            },
            "place_on": [
              {
                "Name": "minecraft:air"
              }
            ],
            "place_in": [
              {
                "Name": "minecraft:air"
              }
            ],
            "place_under": [
              {
                "Name": "minecraft:netherrack"
              },
              {
                "Name": "minecraft:stone"
              }
            ]
          }
        }
      }
    }
  }
}