{
  "name": "dnl:biomes/dark_forest",
  "fallback": "minecraft:empty",
  "elements": [
    {
      "weight": 4,
      "element": {
        "element_type": "minecraft:single_pool_element",
        "projection": "rigid",
        "location": "dnl:cleric_hideout/base",
        "processors": "minecraft:empty"
      }
    },
    {
      "weight": 1,
      "element": {
        "element_type": "minecraft:single_pool_element",
        "projection": "rigid",
        "location": "dnl:gallery_of_illusion/base",
        "processors": "minecraft:empty"
      }
    }
  ]
}
