{
  "name": "dnl:biomes/plains",
  "fallback": "minecraft:empty",
  "elements": [
    {
      "weight": 1,
      "element": {
        "element_type": "minecraft:single_pool_element",
        "projection": "terrain_matching",
        "location": "dnl:hivenest/height_adjust",
        "processors": "minecraft:empty"
      }
    },
    {
      "weight": 100,
      "element": {
        "element_type": "minecraft:single_pool_element",
        "projection": "terrain_matching",
        "location": "dnl:forgotten_field/center",
        "processors": "minecraft:empty"
      }
    }
  ]
}
