{
  "display": {
    "icon": {
      "item": "ancient_debris"
    },
    "title": {
      "translate": "Treacherous Heights"
    },
    "description": 
    {
      "translate":"Mine the exposed ancient debris in the height of the Extreme Basalt Deltas"
    },
    "frame": "challenge",
    "show_toast": true,
    "announce_to_chat": true,
    "hidden": false
  },
  "parent": "starmute:incendium/basalt_deltas_ex",
  "rewards": {
    "experience": 100
  },
  "criteria": {
    "requirement": {
      "trigger": "minecraft:bee_nest_destroyed",
      "conditions": {
        "block": "ancient_debris"
      }
    }
  }
}