{
  "display": {
    "icon": {
      "item": "player_head",
      "nbt": "{SkullOwner:{Id:[I;1713112552,-376224596,-1490916748,-546685089],Properties:{textures:[{Value:\"eyJ0ZXh0dXJlcyI6eyJTS0lOIjp7InVybCI6Imh0dHA6Ly90ZXh0dXJlcy5taW5lY3JhZnQubmV0L3RleHR1cmUvMjE0NmI5NmU0MzEwMTllNzEzYmUzNmQwZTNhYzFkNDg0ZDNiY2U3MjNmNDRlOGJmZTM1YmVlN2NkMGY0NzkzNCJ9fX0=\"}]}}}"
    },
    "title": {
      "translate": "UNLIMITED POWER!!!"
    },
    "description": 
    {
      "translate": "Get hit by a Sentry's lightning attack"
    },
    "frame": "task",
    "show_toast": true,
    "announce_to_chat": true,
    "hidden": false
  },
  "parent": "starmute:incendium/pipeline",
  "criteria": {
    "requirement": {
      "trigger": "minecraft:bee_nest_destroyed",
      "conditions": {
        "block": "ancient_debris"
      }
    }
  }
}