{
  "pools": [
    {
      "rolls": 1,
      "entries": [
        {
          "type": "minecraft:loot_table",
          "name": "starmute:barter/generic",
          "weight": 1,
          "conditions": [
            {
              "condition": "minecraft:reference",
              "name": "starmute:generic_biome"
            }
          ]
        }
      ]
    },
    {
      "rolls": 1,
      "entries": [
        {
          "type": "minecraft:loot_table",
          "name": "starmute:barter/ssv",
          "weight": 1,
          "conditions": [
            {
              "condition": "minecraft:reference",
              "name": "starmute:ssv_variants"
            }
          ]
        }
      ]
    },
    {
      "rolls": 1,
      "entries": [
        {
          "type": "minecraft:loot_table",
          "name": "starmute:barter/crimson",
          "weight": 1,
          "conditions": [
            {
              "condition": "minecraft:reference",
              "name": "starmute:crimson_variants"
            }
          ]
        }
      ]
    },
    {
      "rolls": 1,
      "entries": [
        {
          "type": "minecraft:loot_table",
          "name": "starmute:barter/deltas",
          "weight": 1,
          "conditions": [
            {
              "condition": "minecraft:reference",
              "name": "starmute:deltas_variants"
            }
          ]
        }
      ]
    },
    {
      "rolls": 1,
      "entries": [
        {
          "type": "minecraft:loot_table",
          "name": "starmute:barter/quartz",
          "weight": 1,
          "conditions": [
            {
              "condition": "minecraft:reference",
              "name": "starmute:quartz_flats"
            }
          ]
        }
      ]
    },
    {
      "rolls": 1,
      "entries": [
        {
          "type": "minecraft:loot_table",
          "name": "starmute:barter/dunes",
          "weight": 1,
          "conditions": [
            {
              "condition": "minecraft:reference",
              "name": "starmute:infernal_dunes"
            }
          ]
        }
      ]
    },
    {
      "rolls": 1,
      "entries": [
        {
          "type": "minecraft:loot_table",
          "name": "starmute:barter/dunes",
          "weight": 1,
          "conditions": [
            {
              "condition": "minecraft:reference",
              "name": "starmute:warped_variants"
            }
          ]
        }
      ]
    }
  ]
}