{
  "pools": [
    {
      "rolls": 1,
      "entries": [
        {
          "type": "minecraft:loot_table",
          "name": "starmute:steam/base/junk",
          "weight": 5
        },
        {
          "type": "minecraft:loot_table",
          "name": "starmute:steam/base/common",
          "weight": 10
        },
        {
          "type": "minecraft:loot_table",
          "name": "starmute:steam/base/uncommon",
          "weight": 20
        },
        {
          "type": "minecraft:loot_table",
          "name": "starmute:steam/base/rare",
          "weight": 30
        }
      ]
    }
  ]
}