{
  "pools": [
    {
      "rolls": 1,
      "entries": [
        {
          "type": "minecraft:item",
          "name": "minecraft:crossbow",
          "functions": [
            {
              "function": "minecraft:set_lore",
              "entity": "this",
              "lore": [
                {
                  "translate": "We pray to Dominwide",
                  "color": "#ccbb88",
                  "italic": true
                },
                {
                  "translate": "",
                  "color": "#884400",
                  "italic": false
                },
                {
                  "translate": "Patron Item",
                  "color": "#333333",
                  "italic": true
                }
              ]
            },
            {
              "function": "minecraft:set_name",
              "entity": "this",
              "name": {
                "translate": "Holy Wrath",
                "color": "#ffee77",
                "italic": false
              }
            },
            {
              "function": "minecraft:set_nbt",
              "tag": "{CustomModelData:1240,Weapon:35}"
            }
          ]
        }
      ]
    }
  ]
}