{
  "pools": [
    {
      "rolls": 1,
      "entries": [
        {
          "type": "minecraft:item",
          "name": "minecraft:netherite_sword",
          "functions": [
            {
              "function": "minecraft:set_attributes",
              "modifiers": [
                {
                  "attribute": "minecraft:generic.attack_speed",
                  "name": "d",
                  "amount": {
                    "min": 0.3,
                    "max": 0.45
                  },
                  "operation": "multiply_base",
                  "slot": "mainhand"
                },
                {
                  "attribute": "minecraft:generic.attack_damage",
                  "name": "d",
                  "amount": {
                    "min": 5.5,
                    "max": 7
                  },
                  "operation": "addition",
                  "slot": "mainhand"
                }
              ]
            },
            {
              "function": "minecraft:set_lore",
              "entity": "this",
              "lore": [
                {
                  "translate": "A blade wielded by the",
                  "color": "#cc9900",
                  "italic": true
                },
                {
                  "translate": "\"Enby King of Piglins\"",
                  "color": "#cc9900",
                  "italic": true
                },
                {
                  "translate": "to acquire untold riches.",
                  "color": "#cc9900",
                  "italic": true
                },
                {
                  "translate": "Check out Zombie Pogman!",
                  "color": "#884400",
                  "italic": true
                },
                {
                  "translate": "",
                  "color": "#884400",
                  "italic": false
                },
                {
                  "translate": "Patron Item",
                  "color": "#333333",
                  "italic": true
                }
              ]
            },
            {
              "function": "minecraft:set_name",
              "entity": "this",
              "name": {
                "translate": "Daybreaker",
                "color": "#ffcc00",
                "italic": false
              }
            },
            {
              "function": "minecraft:set_nbt",
              "tag": "{CustomModelData:1799,Weapon:34}"
            }
          ]
        }
      ]
    }
  ]
}