{
  "pools": [
    {
      "rolls": 1,
      "entries": [
        {
          "type": "minecraft:item",
          "name": "minecraft:crossbow",
          "functions": [
            {
              "function": "minecraft:set_name",
              "entity": "this",
              "name": {
                "translate": "Multiplex Crossbow",
                "color": "#ccbb44",
                "italic": false
              }
            },
            {
              "function": "minecraft:set_nbt",
              "tag": "{Weapon:8}"
            }
          ]
        }
      ]
    }
  ]
}