{
  "pools": [
    {
      "rolls": 1,
      "entries": [
        {
          "type": "minecraft:item",
          "name": "minecraft:glowstone_dust",
          "functions": [
            {
              "function": "minecraft:set_count",
              "count": {
                "min": 3,
                "max": 9
              }
            },
            {
              "function": "minecraft:set_lore",
              "lore": [
                {
                  "translate": "Emits a brilliant light when dropped",
                  "color": "#666633",
                  "italic": false
                }
              ]
            },
            {
              "function": "minecraft:set_name",
              "name": {
                "translate": "Unstable Powder",
                "color": "#ffeebb",
                "italic": false
              }
            },
            {
              "function": "minecraft:set_nbt",
              "tag": "{CustomModelData:49,glow:1b,Enchantments:[{}]}"
            }
          ]
        }
      ]
    }
  ]
}