{
  "type": "minecraft:generic",
  "pools": [
    {
      "rolls": 1,
      "entries": [
        {
          "type": "minecraft:item",
          "name": "minecraft:bow",
          "functions": [
            {
              "function": "minecraft:set_nbt",
              "tag": "{display:{Name:'{\"text\":\"Ancient Bow\",\"color\":\"gold\",\"italic\":false}',Lore:['{\"text\":\"Relic of Flame\",\"color\":\"dark_purple\",\"italic\":false}','{\"translate\":\"\"}','{\"text\":\"Cost in Off Hand: \",\"color\":\"gray\",\"italic\":false}','{\"text\":\"1 Ghast Tear\",\"color\":\"blue\",\"italic\":false}']},CustomModelData:12002,dnl.item:1b,dnl.ancient_bow:1b,dnl.relic.red:1b}"
            }
          ]
        }
      ]
    }
  ]
}
