{
  "type": "minecraft:generic",
  "pools": [
    {
      "rolls": 1,
      "entries": [
        {
          "type": "minecraft:item",
          "name": "minecraft:iron_leggings",
          "functions": [
            {
              "function": "minecraft:set_nbt",
              "tag": "{display:{Name:'{\"text\":\"Golem Heart Leggings\",\"color\":\"gold\",\"italic\":false}',Lore:['{\"text\":\"Full Set Bonus:\",\"color\":\"gray\",\"italic\":false}','{\"text\":\"Strength I\",\"color\":\"blue\",\"italic\":false}','{\"text\":\"Resistance I\",\"color\":\"blue\",\"italic\":false}']},dnl.item:1b,dnl.golem_heart_leggings:1b,AttributeModifiers:[{AttributeName:\"generic.armor\",Name:\"generic.armor\",Amount:6,Operation:0,UUID:[I;995505360,-472626502,-1831812914,1866495931],Slot:\"legs\"},{AttributeName:\"generic.armor_toughness\",Name:\"generic.armor_toughness\",Amount:1,Operation:0,UUID:[I;553758938,1073499315,-1267955630,649369167],Slot:\"legs\"},{AttributeName:\"generic.knockback_resistance\",Name:\"generic.knockback_resistance\",Amount:0.1,Operation:0,UUID:[I;-1209234405,124668418,-1597826952,1642454812],Slot:\"legs\"}]}"
            }
          ]
        }
      ]
    }
  ]
}
