{
  "type": "minecraft:decorated",
  "config": {
    "decorator": {
      "type": "minecraft:count_noise_biased",
      "config": {
        "noise_to_count_ratio": 5000,
        "noise_factor": 200,
        "noise_offset": -0.15
      }
    },
    "feature": {
      "type": "minecraft:decorated",
      "config": {
        "decorator": {
          "type": "minecraft:square",
          "config": {}
        },
        "feature": {
          "type": "minecraft:decorated",
          "config": {
            "decorator": {
              "type": "minecraft:range",
              "config": {
                "maximum": 60,
                "bottom_offset": 50,
                "top_offset": 0
              }
            },
            "feature": {
              "type": "minecraft:netherrack_replace_blobs",
              "config": {
                "state": {
                  "Name": "minecraft:nether_wart_block"
                },
                "target": {
                  "Name": "minecraft:soul_soil"
                },
                "radius": {
                  "base": 1,
                  "spread": 1
                }
              }
            }
          }
        }
      }
    }
  }
}