{
  "type": "minecraft:decorated",
  "config": {
    "decorator": {
      "type": "minecraft:count_extra",
      "config": {
        "count": 4,
        "extra_count": 1280,
        "extra_chance": 1
      }
    },
    "feature": {
      "type": "minecraft:decorated",
      "config": {
        "decorator": {
          "type": "minecraft:count_multilayer",
          "config": {
            "count": 1
          }
        },
        "feature": {
          "type": "minecraft:decorated",
          "config": {
            "decorator": {
              "type": "minecraft:square",
              "config": {}
            },
            "feature": {
              "type": "minecraft:decorated",
              "config": {
                "decorator": {
                  "type": "minecraft:decorated",
                  "config": {
                    "outer": {
                      "type": "minecraft:count_noise_biased",
                      "config": {
                        "noise_to_count_ratio": 1,
                        "noise_factor": 121,
                        "noise_offset": 0.25
                      }
                    },
                    "inner": {
                      "type": "minecraft:count_noise_biased",
                      "config": {
                        "noise_to_count_ratio": -1,
                        "noise_factor": 121,
                        "noise_offset": 0.15
                      }
                    }
                  }
                },
                "feature": {
                  "type": "minecraft:ore",
                  "config": {
                    "state": {
                      "Name": "minecraft:nether_wart_block"
                    },
                    "size": 8,
                    "target": {
                      "tag": "starmute:soil_sand",
                      "predicate_type":"minecraft:tag_match"
                    }
                  }
                }
              }
            }
          }
        }
      }
    }
  }
}