{
  "pools": [
    {
      "rolls": 1,
      "entries": [
        {
          "type": "minecraft:item",
          "name": "shield",
          "weight": 1,
          "functions": [
            {
              "function": "minecraft:set_attributes",
              "modifiers": [
                {
                  "attribute": "generic.armor_toughness",
                  "name": "weaken",
                  "amount": {
                    "min": -0.05,
                    "max": -0.001
                  },
                  "operation": "multiply_base",
                  "slot": [
                    "offhand"
                  ]
                }
              ]
            },
            {
              "function": "minecraft:set_lore",
              "lore": [{"translate":"Reflects attacks with a","color":"#88aaff","italic":"false"},
                        {"translate":"powerful spark of light","color":"#88aaff","italic":"false"}],
              "entity": "this"
            },
            {
              "function": "minecraft:set_nbt",
              "tag": "{HideFlags:32,display:{Name:'[{\"translate\":\"Prismatic Shield\",\"italic\":false,\"color\":\"#bbddff\"}]'},BlockEntityTag:{Base:5,Patterns:[{Color:4,Pattern:hh},{Color:1,Pattern:ts},{Color:3,Pattern:bs},{Color:14,Pattern:tts},{Color:10,Pattern:bts},{Color:0,Pattern:cbo}]},Tags:[\"master_spark\"]}"
            }
          ]
        },
        {
          "type": "minecraft:item",
          "name": "shield",
          "weight": 1,
          "functions": [
            {
              "function": "minecraft:set_attributes",
              "modifiers": [
                {
                  "attribute": "generic.armor_toughness",
                  "name": "weaken",
                  "amount": {
                    "min": -0.05,
                    "max": -0.001
                  },
                  "operation": "multiply_base",
                  "slot": [
                    "offhand"
                  ]
                }
              ]
            },
            {
              "function": "minecraft:set_lore",
              "lore": [{"text":"Reflects attacks with a","color":"#88aaff","italic":"false"},
                        {"text":"powerful spark of light","color":"#88aaff","italic":"false"}],
              "entity": "this"
            },
            {
              "function": "minecraft:set_nbt",
              "tag": "{HideFlags:32,display:{Name:'[{\"text\":\"Prismatic Shield\",\"italic\":false,\"color\":\"#bbddff\"}]'},BlockEntityTag:{Patterns:[{Pattern:flo,Color:8},{Pattern:hh,Color:7},{Pattern:tt,Color:4},{Pattern:ts,Color:7},{Pattern:gra,Color:0},{Pattern:bo,Color:7}],Base:7},Tags:[\"master_spark\"]}"
            }
          ]
        }
      ]
    }
  ]
}