{
  "surface_builder": "netherexpansion:scarlet_gorge",
  "depth": 0.1,
  "scale": 0.2,
  "temperature": 2,
  "downfall": 0,
  "precipitation": "none",
  "category": "nether",
  "player_spawn_friendly": false,
  "effects": {
    "sky_color": 7254527,
    "fog_color": 5900072,
    "water_color": 4159204,
    "water_fog_color": 329011,
    "ambient_sound": "minecraft:ambient.crimson_forest.loop",
    "mood_sound": {
      "sound": "minecraft:ambient.crimson_forest.mood",
      "tick_delay": 6000,
      "block_search_extent": 8,
      "offset": 2
    },
    "additions_sound": {
      "sound": "minecraft:ambient.crimson_forest.additions",
      "tick_chance": 0.0111
    },
    "music": {
      "sound": "minecraft:music.nether.crimson_forest",
      "min_delay": 12000,
      "max_delay": 24000,
      "replace_current_music": false
    },
    "particle": {
      "options": {
        "type": "minecraft:crimson_spore"
      },
      "probability": 0.025
    }
  },
  "starts": [
    "minecraft:ruined_portal_nether",
    "minecraft:fortress",
    "minecraft:bastion_remnant"
  ],
  "spawners": {
    "monster": [
      {
        "type": "minecraft:ghast",
        "weight": 1,
        "minCount": 1,
        "maxCount": 1
      },
      {
        "type": "minecraft:zombified_piglin",
        "weight": 3,
        "minCount": 2,
        "maxCount": 4
      },
      {
        "type": "minecraft:magma_cube",
        "weight": 2,
        "minCount": 3,
        "maxCount": 4
      }
    ],
    "creature": [
      {
        "type": "minecraft:strider",
        "weight": 60,
        "minCount": 1,
        "maxCount": 2
      }
    ],
    "ambient": [],
    "water_creature": [],
    "water_ambient": [],
    "misc": []
  },
  "spawn_costs": {},
  "carvers": {
    "air": [
      "minecraft:nether_cave"
    ]
  },
  "features": [
    [],
    [],
    [],
    [],
    [],
    [],
    [],
    [
      "minecraft:spring_open",
      "minecraft:patch_fire",
      "minecraft:glowstone_extra",
      "minecraft:glowstone",
      "minecraft:ore_magma",
      "minecraft:spring_closed",
      "minecraft:ore_gravel_nether",
      "minecraft:ore_blackstone",
      "netherexpansion:ore_basalt_redstone",
      "minecraft:ore_debris_large",
      "minecraft:ore_debris_small"
    ],
    [
      "minecraft:spring_lava",
      "minecraft:brown_mushroom_normal",
      "minecraft:red_mushroom_normal",
      "minecraft:crimson_forest_vegetation"
    ],
    [
      "netherexpansion:scarlet_vines",
      "netherexpansion:nether_wart_remover",
      "netherexpansion:ultra_basalt_blob",
      "netherexpansion:secondary_ultra_basalt",
      "netherexpansion:scarlet_vines_hanging",
      "minecraft:warped_forest_vegetation",
      "netherexpansion:surface_scarlet_geode",
      "netherexpansion:scarlet_crystal_blobs",
      "netherexpansion:enraged_soul_fire"
    ]
  ]
}