{
  "scale": 0.2,
  "effects": {
    "mood_sound": {
      "sound": "minecraft:ambient.warped_forest.mood",
      "tick_delay": 6000,
      "block_search_extent": 8,
      "offset": 2.0
    },
    "additions_sound": {
      "sound": "minecraft:ambient.warped_forest.additions",
      "tick_chance": 0.0111
    },
    "music": {
      "sound": "minecraft:music.nether.warped_forest",
      "min_delay": 12000,
      "max_delay": 24000,
      "replace_current_music": false
    },
    "particle": {
      "options": {
        "type": "minecraft:crit"
      },
      "probability": 0.025
    },
    "ambient_sound": "minecraft:ambient.warped_forest.loop",
    "sky_color": 7254527,
    "fog_color": 6900270,
    "water_color": 4159204,
    "water_fog_color": 329011
  },
  "surface_builder": "netherexpansion:obsolete_forest",
  "carvers": {
    "air": [
      "minecraft:nether_cave"
    ]
  },
  "features": [
    [],
    [],
    [],
    [],
    [],
    [],
    [
      "minecraft:spring_open",
      "minecraft:patch_fire",
      "minecraft:patch_soul_fire",
      "minecraft:glowstone_extra",
      "minecraft:glowstone",
      "minecraft:ore_magma",
      "minecraft:spring_closed",
      "minecraft:ore_gravel_nether",
      "minecraft:ore_blackstone",
      "minecraft:ore_quartz_nether",
      "minecraft:ore_debris_large",
      "minecraft:ore_debris_small"
    ],
    [
      "minecraft:spring_lava",
      "minecraft:brown_mushroom_normal",
      "minecraft:red_mushroom_normal",
      "minecraft:warped_fungi",
      "minecraft:warped_forest_vegetation",
      "minecraft:nether_sprouts",
      "minecraft:twisting_vines"
    ],
    [
      "minecraft:weeping_vines",
      "netherexpansion:large_blackstone_blobs",
      "netherexpansion:ore_quartz_blackstone"
    ]
  ],
  "starts": [
    "minecraft:fortress",
    "minecraft:nether_fossil",
    "minecraft:bastion_remnant",
    "minecraft:ruined_portal_nether"
  ],
  "spawners": {
    "monster": [
      {
        "type": "minecraft:zombified_piglin",
        "weight": 1,
        "minCount": 2,
        "maxCount": 4
      },
      {
        "type": "minecraft:piglin",
        "weight": 5,
        "minCount": 3,
        "maxCount": 4
      }
    ],
    "creature": [
      {
        "type": "minecraft:strider",
        "weight": 60,
        "minCount": 1,
        "maxCount": 2
      }
    ],
    "ambient": [
      {
        "type": "minecraft:bat",
        "weight": 15,
        "minCount": 8,
        "maxCount": 8
      }
    ],
    "water_creature": [],
    "water_ambient": [],
    "misc": []
  },
  "spawn_costs": {},
  "player_spawn_friendly": false,
  "precipitation": "none",
  "temperature": 2.0,
  "downfall": 0.0,
  "category": "nether",
  "depth": 0.1
}