x,y,z,type
-509,67,-509,snowrealmagic:snow
-502,82,-501,snowrealmagic:snow
-506,73,-505,snowrealmagic:snow
-508,67,-509,snowrealmagic:snow
-498,83,-501,snowrealmagic:snow
-444,76,-420,snowrealmagic:texture_tile
-417,76,-434,minecraft:campfire
-430,79,-434,snowrealmagic:snow
-426,70,-448,snowrealmagic:snow
-428,71,-442,snowrealmagic:snow
-426,73,-439,snowrealmagic:snow
-425,71,-442,snowrealmagic:snow
-421,75,-423,snowrealmagic:snow
-431,84,-419,lootr:special_loot_chest
-432,77,-422,lootr:special_loot_chest
-424,75,-422,snowrealmagic:snow
-418,72,-408,minecraft:bed
-417,72,-408,minecraft:bed
-419,72,-408,lootr:special_loot_chest
-429,94,-403,snowrealmagic:texture_tile
-430,93,-402,snowrealmagic:texture_tile
-428,98,-402,minecraft:campfire
-423,72,-414,minecraft:campfire
-455,70,-408,snowrealmagic:snow
-450,76,-404,snowrealmagic:texture_tile
-450,69,-412,snowrealmagic:texture_tile
-449,70,-412,snowrealmagic:texture_tile
-449,70,-411,snowrealmagic:texture_tile
-460,71,-412,snowrealmagic:snow
-457,71,-416,snowrealmagic:snow
-450,76,-416,snowrealmagic:texture_tile
-464,75,-401,snowrealmagic:texture_tile
-456,70,-411,snowrealmagic:snow
-458,71,-410,snowrealmagic:snow
-462,72,-412,snowrealmagic:snow
-449,74,-403,lootr:special_loot_chest
-449,76,-401,snowrealmagic:texture_tile
-450,76,-401,snowrealmagic:texture_tile
-445,76,-413,snowrealmagic:texture_tile
-447,72,-412,snowrealmagic:texture_tile
-447,72,-411,snowrealmagic:texture_tile
-448,71,-412,snowrealmagic:texture_tile
-446,73,-412,snowrealmagic:texture_tile
-446,73,-411,snowrealmagic:texture_tile
-447,72,-410,snowrealmagic:texture_tile
-446,73,-410,snowrealmagic:texture_tile
-448,71,-410,snowrealmagic:texture_tile
-448,71,-411,snowrealmagic:texture_tile
-448,74,-416,lootr:special_loot_chest
-433,84,-403,minecraft:furnace
-433,84,-402,minecraft:campfire
-445,76,-407,snowrealmagic:texture_tile
-448,71,-409,snowrealmagic:texture_tile
-446,73,-409,snowrealmagic:texture_tile
-447,72,-409,snowrealmagic:texture_tile
-448,71,-408,snowrealmagic:texture_tile
-447,72,-408,snowrealmagic:texture_tile
-446,73,-408,snowrealmagic:texture_tile
-434,84,-403,minecraft:furnace
-454,72,-425,snowrealmagic:snow
-457,73,-422,lootr:special_loot_chest
-449,76,-420,snowrealmagic:texture_tile
-450,76,-419,snowrealmagic:texture_tile
-450,76,-420,snowrealmagic:texture_tile
-449,76,-419,snowrealmagic:texture_tile
-452,70,-420,snowrealmagic:snow
-464,72,-420,snowrealmagic:snow
-444,71,-448,snowrealmagic:snow
-439,71,-437,snowrealmagic:snow
-445,71,-447,snowrealmagic:snow
-438,71,-436,snowrealmagic:snow
-442,71,-446,snowrealmagic:snow
-445,73,-441,snowrealmagic:texture_tile
-442,71,-444,snowrealmagic:snow
-445,72,-441,minecraft:bell
-442,71,-445,snowrealmagic:snow
-443,71,-444,snowrealmagic:snow
-440,71,-445,snowrealmagic:snow
-452,72,-443,minecraft:bed
-452,72,-444,minecraft:bed
-461,74,-433,minecraft:campfire
-452,72,-442,lootr:special_loot_chest
-461,74,-444,snowrealmagic:snow
-462,74,-443,snowrealmagic:snow
-460,74,-443,snowrealmagic:snow
-410,77,-440,minecraft:bed
-410,77,-438,lootr:special_loot_chest
-410,77,-439,minecraft:bed
-418,73,-458,bountiful:bounty-te
-427,71,-449,snowrealmagic:snow
-426,72,-459,snowrealmagic:snow
-425,72,-460,snowrealmagic:snow
-416,71,-392,minecraft:bed
-437,71,-390,snowrealmagic:snow
-440,86,-400,lootr:special_loot_chest
-436,72,-385,resourcefulbees:tiered_beehive
-423,74,-386,snowrealmagic:snow
-417,71,-392,minecraft:bed
-420,71,-389,snowrealmagic:snow
-450,76,-400,snowrealmagic:texture_tile
-449,76,-400,snowrealmagic:texture_tile
-480,85,-458,snowrealmagic:snow
-466,85,-454,snowrealmagic:snow
-480,85,-456,snowrealmagic:snow
-478,85,-458,snowrealmagic:snow
-479,85,-458,snowrealmagic:snow
-479,85,-456,snowrealmagic:snow
-478,86,-456,snowrealmagic:snow
-476,82,-441,snowrealmagic:texture_tile
-475,82,-441,snowrealmagic:snow
-475,80,-438,snowrealmagic:snow
-477,85,-445,minecraft:campfire
-476,87,-444,snowrealmagic:texture_tile
-479,81,-447,snowrealmagic:snow
-476,87,-445,snowrealmagic:texture_tile
-477,87,-444,snowrealmagic:texture_tile
-478,81,-447,snowrealmagic:snow
-475,81,-447,snowrealmagic:snow
-477,82,-445,minecraft:smoker
-476,81,-447,snowrealmagic:snow
-478,87,-446,snowrealmagic:texture_tile
-478,87,-444,snowrealmagic:texture_tile
-476,87,-446,snowrealmagic:texture_tile
-465,77,-435,snowrealmagic:texture_tile
-478,87,-445,snowrealmagic:texture_tile
-477,87,-446,snowrealmagic:texture_tile
-473,80,-438,snowrealmagic:texture_tile
-468,81,-432,minecraft:bed
-469,81,-432,minecraft:bed
-467,81,-432,lootr:special_loot_chest
-467,77,-431,minecraft:bed
-478,82,-431,minecraft:bed
-468,77,-431,minecraft:bed
-478,82,-432,minecraft:bed
-479,84,-403,snowrealmagic:texture_tile
-478,84,-403,snowrealmagic:texture_tile
-479,84,-402,snowrealmagic:texture_tile
-478,82,-402,minecraft:campfire
-477,84,-401,snowrealmagic:texture_tile
-476,78,-407,snowrealmagic:snow
-479,84,-401,snowrealmagic:texture_tile
-477,84,-403,snowrealmagic:texture_tile
-477,77,-410,snowrealmagic:snow
-477,76,-411,snowrealmagic:snow
-471,75,-415,snowrealmagic:snow
-477,84,-402,snowrealmagic:texture_tile
-478,84,-401,snowrealmagic:texture_tile
-478,78,-407,snowrealmagic:snow
-466,71,-405,snowrealmagic:snow
-465,71,-406,snowrealmagic:snow
-471,75,-414,snowrealmagic:snow
-475,75,-410,snowrealmagic:snow
-475,78,-407,snowrealmagic:snow
-478,79,-402,minecraft:smoker
-472,75,-407,snowrealmagic:snow
-466,72,-416,snowrealmagic:snow
-467,72,-398,snowrealmagic:snow
-455,85,-456,snowrealmagic:snow
-460,87,-463,snowrealmagic:snow
-455,87,-464,snowrealmagic:snow
-449,71,-451,snowrealmagic:snow
-463,84,-457,dynamictrees:tile_entity_species
-449,71,-452,snowrealmagic:snow
-443,71,-452,snowrealmagic:snow
-442,71,-453,snowrealmagic:snow
-446,71,-449,snowrealmagic:snow
-443,71,-449,snowrealmagic:snow
-442,71,-450,snowrealmagic:snow
-439,71,-454,snowrealmagic:snow
-440,71,-453,snowrealmagic:snow
-441,71,-450,snowrealmagic:snow
-436,71,-453,snowrealmagic:snow
-447,71,-453,snowrealmagic:snow
-419,71,-475,snowrealmagic:snow
-418,71,-474,snowrealmagic:snow
-418,71,-475,snowrealmagic:snow
-422,72,-465,snowrealmagic:snow
-420,72,-465,snowrealmagic:snow
-410,83,-475,snowrealmagic:snow
-414,71,-476,snowrealmagic:snow
-416,71,-473,snowrealmagic:snow
-403,83,-472,snowrealmagic:snow
-405,88,-479,snowrealmagic:snow
-401,80,-472,snowrealmagic:snow
-427,74,-384,snowrealmagic:snow
-431,73,-380,snowrealmagic:snow
-448,71,-384,untamedwilds:critter_burrow
-448,72,-369,snowrealmagic:snow
-446,72,-371,snowrealmagic:snow
-451,72,-376,snowrealmagic:snow
-491,83,-457,snowrealmagic:snow
-490,84,-457,snowrealmagic:snow
-489,84,-459,snowrealmagic:snow
-496,82,-454,snowrealmagic:snow
-484,85,-460,snowrealmagic:snow
-494,83,-453,snowrealmagic:snow
-489,84,-454,snowrealmagic:snow
-495,82,-450,snowrealmagic:snow
-488,84,-452,snowrealmagic:snow
-487,83,-451,snowrealmagic:snow
-494,82,-461,snowrealmagic:snow
-493,83,-460,snowrealmagic:snow
-486,82,-447,snowrealmagic:snow
-485,82,-446,snowrealmagic:snow
-486,83,-444,snowrealmagic:snow
-494,83,-434,snowrealmagic:snow
-484,83,-442,snowrealmagic:snow
-492,82,-435,snowrealmagic:texture_tile
-483,81,-446,snowrealmagic:snow
-491,82,-435,snowrealmagic:snow
-491,83,-447,snowrealmagic:snow
-492,83,-446,snowrealmagic:snow
-495,82,-445,snowrealmagic:snow
-491,83,-446,snowrealmagic:snow
-476,69,-471,snowrealmagic:snow
-478,68,-477,snowrealmagic:snow
-470,87,-467,snowrealmagic:snow
-474,69,-478,snowrealmagic:snow
-479,68,-474,snowrealmagic:snow
-480,68,-474,snowrealmagic:snow
-470,76,-476,snowrealmagic:snow
-476,67,-476,snowrealmagic:snow
-477,67,-475,snowrealmagic:snow
-475,69,-475,snowrealmagic:snow
-474,70,-476,snowrealmagic:snow
-477,67,-476,snowrealmagic:snow
-492,81,-426,snowrealmagic:snow
-492,81,-427,snowrealmagic:snow
-490,81,-427,snowrealmagic:snow
-487,81,-426,snowrealmagic:snow
-489,81,-421,snowrealmagic:snow
-493,82,-432,snowrealmagic:snow
-494,83,-431,snowrealmagic:snow
-484,81,-424,snowrealmagic:snow
-470,73,-377,snowrealmagic:snow
-470,73,-376,snowrealmagic:snow
-465,76,-372,snowrealmagic:snow
-484,78,-404,snowrealmagic:texture_tile
-492,80,-409,lootr:special_loot_chest
-484,78,-403,snowrealmagic:texture_tile
-484,78,-406,snowrealmagic:snow
-489,80,-405,snowrealmagic:snow
-456,90,-474,snowrealmagic:snow
-445,88,-475,snowrealmagic:snow
-439,76,-477,snowrealmagic:snow
-506,68,-490,snowrealmagic:snow
-507,68,-488,snowrealmagic:snow
-505,68,-492,snowrealmagic:snow
-488,83,-481,snowrealmagic:snow
-488,87,-491,snowrealmagic:snow
-476,76,-487,snowrealmagic:snow
-479,69,-488,snowrealmagic:snow
-475,74,-487,snowrealmagic:snow
-450,72,-490,snowrealmagic:snow
-456,71,-481,snowrealmagic:snow
-453,70,-482,snowrealmagic:snow
-512,80,-471,snowrealmagic:snow
-507,81,-476,snowrealmagic:snow
-512,80,-472,snowrealmagic:snow
-510,80,-471,snowrealmagic:snow
-506,81,-475,snowrealmagic:snow
-508,80,-472,snowrealmagic:snow
-506,81,-470,snowrealmagic:snow
-507,81,-477,snowrealmagic:snow
-508,8,-467,tetra:core_extractor
-510,8,-466,tetra:transfer_unit
-508,9,-467,tetra:extractor_piston
-508,8,-466,tetra:transfer_unit
-508,80,-467,snowrealmagic:snow
-507,80,-468,snowrealmagic:snow
-508,80,-468,snowrealmagic:snow
-510,8,-467,tetra:core_extractor
-510,9,-467,tetra:extractor_piston
-497,82,-452,snowrealmagic:snow
-502,81,-449,snowrealmagic:snow
-499,82,-449,snowrealmagic:snow
-506,79,-454,snowrealmagic:snow
-510,8,-455,tetra:core_extractor
-506,79,-452,snowrealmagic:snow
-505,80,-452,snowrealmagic:snow
-510,8,-456,tetra:transfer_unit
-510,9,-455,tetra:extractor_piston
-508,79,-451,snowrealmagic:snow
-510,78,-450,snowrealmagic:snow
-508,8,-455,tetra:core_extractor
-508,8,-456,tetra:transfer_unit
-508,9,-455,tetra:extractor_piston
-501,81,-452,snowrealmagic:snow
-507,79,-461,snowrealmagic:snow
-512,78,-458,snowrealmagic:snow
-500,17,-464,tetra:forged_container
-508,78,-459,snowrealmagic:snow
-507,79,-460,snowrealmagic:snow
-500,17,-463,tetra:forged_container
-508,79,-463,snowrealmagic:snow
-497,2,-436,slimier-slimes:lava_slime_spawner
-505,80,-447,snowrealmagic:snow
-498,82,-447,snowrealmagic:snow
-502,81,-445,snowrealmagic:snow
-500,81,-447,snowrealmagic:snow
-510,80,-436,snowrealmagic:snow
-512,78,-448,untamedwilds:critter_burrow
-510,78,-448,snowrealmagic:snow
-509,79,-446,snowrealmagic:snow
-449,68,-355,snowrealmagic:snow
-455,75,-363,snowrealmagic:snow
-455,73,-368,snowrealmagic:snow
-456,76,-358,snowrealmagic:snow
-454,75,-360,snowrealmagic:snow
-451,73,-368,snowrealmagic:snow
-455,76,-361,snowrealmagic:snow
-448,72,-367,snowrealmagic:snow
-383,59,-430,dannys_expansion:sea_chest
-381,87,-480,snowrealmagic:snow
-391,90,-484,snowrealmagic:snow
-392,88,-484,snowrealmagic:snow
-399,69,-496,snowrealmagic:snow
-389,90,-483,snowrealmagic:snow
-393,86,-481,snowrealmagic:snow
-392,84,-483,snowrealmagic:snow
-397,69,-491,snowrealmagic:snow
-395,70,-491,snowrealmagic:snow
-386,74,-495,snowrealmagic:snow
-389,69,-495,snowrealmagic:snow
-387,76,-490,snowrealmagic:snow
-378,83,-489,snowrealmagic:snow
-499,82,-430,snowrealmagic:snow
-501,81,-427,snowrealmagic:snow
-500,82,-428,snowrealmagic:snow
-499,82,-429,snowrealmagic:snow
-501,81,-426,snowrealmagic:snow
-510,79,-431,snowrealmagic:snow
-510,48,-427,lootr:special_loot_chest
-474,76,-363,snowrealmagic:snow
-474,74,-367,snowrealmagic:snow
-468,79,-362,snowrealmagic:snow
-444,91,-481,snowrealmagic:snow
-435,82,-482,snowrealmagic:snow
-444,94,-489,snowrealmagic:snow
-444,94,-488,snowrealmagic:snow
-439,88,-483,snowrealmagic:snow
-437,88,-483,snowrealmagic:snow
-436,94,-494,snowrealmagic:snow
-434,94,-495,snowrealmagic:snow
-444,92,-484,snowrealmagic:snow
-442,92,-484,snowrealmagic:snow
-445,91,-482,snowrealmagic:snow
-447,80,-490,snowrealmagic:snow
-424,91,-485,snowrealmagic:snow
-428,92,-487,snowrealmagic:snow
-425,92,-488,snowrealmagic:snow
-426,92,-487,snowrealmagic:snow
-421,92,-492,snowrealmagic:snow
-428,91,-486,snowrealmagic:snow
-421,92,-491,snowrealmagic:snow
-409,90,-481,snowrealmagic:snow
-407,88,-481,snowrealmagic:snow
-409,94,-488,snowrealmagic:snow
-487,66,-510,snowrealmagic:snow
-489,66,-507,snowrealmagic:snow
-490,66,-505,snowrealmagic:snow
-489,66,-505,snowrealmagic:snow
-487,66,-505,snowrealmagic:snow
-485,66,-506,snowrealmagic:snow
-488,66,-503,snowrealmagic:snow
-489,67,-500,snowrealmagic:snow
-494,70,-503,snowrealmagic:snow
-494,70,-502,snowrealmagic:snow
-493,68,-505,snowrealmagic:snow
-469,66,-512,snowrealmagic:snow
-471,68,-504,snowrealmagic:snow
-468,66,-506,snowrealmagic:snow
-515,72,-501,snowrealmagic:snow
-455,78,-498,snowrealmagic:snow
-453,88,-502,snowrealmagic:snow
-463,65,-510,snowrealmagic:snow
-525,77,-494,snowrealmagic:snow
-528,79,-488,snowrealmagic:snow
-528,79,-487,snowrealmagic:snow
-525,78,-491,snowrealmagic:snow
-526,79,-488,snowrealmagic:snow
-528,79,-485,snowrealmagic:snow
-525,79,-487,snowrealmagic:snow
-513,71,-490,snowrealmagic:snow
-514,79,-481,snowrealmagic:snow
-516,79,-467,snowrealmagic:snow
-520,79,-472,snowrealmagic:snow
-524,78,-465,snowrealmagic:snow
-518,79,-471,snowrealmagic:snow
-521,78,-467,snowrealmagic:snow
-527,79,-455,snowrealmagic:snow
-523,78,-460,snowrealmagic:snow
-513,78,-455,snowrealmagic:snow
-520,78,-464,snowrealmagic:snow
-525,79,-456,snowrealmagic:snow
-525,80,-453,snowrealmagic:snow
-516,78,-462,snowrealmagic:snow
-522,79,-453,snowrealmagic:snow
-518,79,-448,snowrealmagic:snow
-521,80,-445,snowrealmagic:snow
-522,80,-442,snowrealmagic:snow
-515,79,-447,snowrealmagic:snow
-528,80,-448,untamedwilds:critter_burrow
-359,61,-471,lootr:special_loot_chest
-356,63,-357,resourcefulbees:tiered_beehive
-516,79,-429,snowrealmagic:snow
-527,81,-429,snowrealmagic:snow
-528,70,-400,untamedwilds:critter_burrow
-527,63,-386,snowrealmagic:snow
-513,4,-381,slimier-slimes:lava_slime_spawner
-465,73,-346,snowrealmagic:snow
-431,94,-504,snowrealmagic:snow
-417,97,-506,snowrealmagic:snow
-430,95,-510,snowrealmagic:snow
-417,97,-505,snowrealmagic:snow
-405,96,-512,snowrealmagic:snow
-404,96,-512,snowrealmagic:snow
-401,72,-503,snowrealmagic:snow
-401,72,-502,snowrealmagic:snow
-401,71,-501,snowrealmagic:snow
-401,71,-500,snowrealmagic:snow
-402,88,-511,snowrealmagic:snow
-396,69,-503,snowrealmagic:snow
-395,69,-502,snowrealmagic:snow
-400,66,-500,snowrealmagic:snow
-397,69,-499,snowrealmagic:snow
-396,89,-512,snowrealmagic:texture_tile
-400,66,-499,snowrealmagic:snow
-393,69,-503,snowrealmagic:snow
-399,66,-500,snowrealmagic:texture_tile
-399,66,-499,snowrealmagic:texture_tile
-393,69,-500,snowrealmagic:snow
-396,70,-505,snowrealmagic:snow
-398,69,-504,snowrealmagic:snow
-393,70,-507,snowrealmagic:snow
-391,69,-499,snowrealmagic:snow
-389,69,-500,snowrealmagic:snow
-390,69,-497,snowrealmagic:snow
-388,69,-499,snowrealmagic:snow
-385,72,-497,snowrealmagic:snow
-388,69,-497,snowrealmagic:snow
-382,66,-503,snowrealmagic:snow
-495,66,-515,snowrealmagic:snow
-491,67,-516,snowrealmagic:snow
-484,65,-523,snowrealmagic:snow
-490,67,-514,snowrealmagic:snow
-478,70,-514,snowrealmagic:texture_tile
-480,66,-528,untamedwilds:critter_burrow
-479,71,-518,snowrealmagic:snow
-529,9,-475,slimier-slimes:lava_slime_spawner
-531,74,-466,snowrealmagic:snow
-531,74,-467,snowrealmagic:snow
-529,8,-468,slimier-slimes:lava_slime_spawner
-531,74,-465,snowrealmagic:snow
-529,78,-486,snowrealmagic:snow
-540,78,-489,snowrealmagic:snow
-532,78,-496,snowrealmagic:snow
-535,78,-492,snowrealmagic:snow
-534,78,-492,snowrealmagic:snow
-533,78,-489,snowrealmagic:snow
-532,78,-490,snowrealmagic:snow
-533,78,-488,snowrealmagic:snow
-532,78,-489,snowrealmagic:snow
-532,78,-487,snowrealmagic:snow
-529,79,-454,snowrealmagic:snow
-544,76,-456,snowrealmagic:snow
-538,68,-450,lootr:special_loot_chest
-533,77,-455,snowrealmagic:snow
-544,74,-464,untamedwilds:critter_burrow
-534,77,-455,snowrealmagic:snow
-530,75,-503,snowrealmagic:snow
-539,82,-443,snowrealmagic:snow
-537,81,-443,snowrealmagic:snow
-541,82,-434,snowrealmagic:snow
-544,82,-445,snowrealmagic:snow
-541,15,-445,tetra:core_extractor
-542,15,-445,tetra:transfer_unit
-541,16,-445,tetra:extractor_piston
-534,81,-441,snowrealmagic:snow
-531,81,-444,snowrealmagic:snow
-535,82,-436,snowrealmagic:snow
-537,82,-434,snowrealmagic:snow
-531,81,-442,snowrealmagic:snow
-537,82,-435,snowrealmagic:snow
-535,68,-448,minecraft:mob_spawner
-403,90,-522,snowrealmagic:texture_tile
-408,95,-527,snowrealmagic:snow
-401,91,-522,snowrealmagic:texture_tile
-410,95,-523,snowrealmagic:snow
-401,89,-519,snowrealmagic:texture_tile
-407,95,-523,snowrealmagic:snow
-407,95,-522,snowrealmagic:snow
-405,95,-523,snowrealmagic:snow
-408,95,-520,snowrealmagic:snow
-404,91,-523,snowrealmagic:texture_tile
-394,89,-516,snowrealmagic:texture_tile
-391,93,-526,snowrealmagic:snow
-386,87,-519,snowrealmagic:snow
-392,93,-523,snowrealmagic:snow
-390,93,-524,snowrealmagic:snow
-381,89,-527,snowrealmagic:snow
-384,87,-520,snowrealmagic:snow
-384,85,-519,snowrealmagic:snow
-340,32,-480,minecraft:mob_spawner
-342,32,-478,lootr:special_loot_chest
-338,32,-482,lootr:special_loot_chest
-529,80,-422,snowrealmagic:snow
-531,80,-421,snowrealmagic:snow
-532,81,-426,snowrealmagic:snow
-539,82,-418,snowrealmagic:snow
-529,81,-430,snowrealmagic:snow
-538,81,-419,snowrealmagic:snow
-544,82,-421,snowrealmagic:snow
-535,82,-430,snowrealmagic:snow
-537,82,-429,snowrealmagic:snow
-535,82,-431,snowrealmagic:snow
-534,82,-432,snowrealmagic:snow
-535,82,-428,snowrealmagic:snow
-536,82,-428,snowrealmagic:snow
-544,82,-417,snowrealmagic:snow
-544,83,-428,snowrealmagic:snow
-543,82,-429,snowrealmagic:snow
-537,82,-430,snowrealmagic:snow
-536,82,-431,snowrealmagic:snow
-537,81,-413,snowrealmagic:snow
-539,81,-412,snowrealmagic:snow
-536,81,-412,snowrealmagic:snow
-541,81,-410,snowrealmagic:snow
-544,82,-406,snowrealmagic:snow
-534,80,-411,snowrealmagic:snow
-535,81,-411,snowrealmagic:snow
-538,82,-415,snowrealmagic:snow
-537,81,-415,snowrealmagic:snow
-537,81,-416,snowrealmagic:snow
-540,84,-391,snowrealmagic:snow
-539,83,-400,snowrealmagic:snow
-539,83,-396,snowrealmagic:snow
-539,83,-395,snowrealmagic:snow
-542,84,-394,snowrealmagic:snow
-535,75,-380,snowrealmagic:snow
-542,84,-382,snowrealmagic:snow
-535,75,-381,snowrealmagic:snow
-555,77,-486,snowrealmagic:snow
-555,76,-485,snowrealmagic:snow
-553,75,-466,snowrealmagic:snow
-560,77,-466,snowrealmagic:snow
-560,76,-480,snowrealmagic:snow
-554,76,-464,snowrealmagic:snow
-553,76,-462,resourcefulbees:tiered_beehive
-553,75,-464,snowrealmagic:snow
-555,78,-457,snowrealmagic:snow
-548,75,-462,snowrealmagic:snow
-557,77,-463,snowrealmagic:snow
-557,77,-464,snowrealmagic:snow
-548,77,-457,snowrealmagic:snow
-549,84,-508,snowrealmagic:snow
-549,84,-507,snowrealmagic:snow
-548,84,-505,snowrealmagic:snow
-549,85,-501,snowrealmagic:snow
-546,82,-502,snowrealmagic:snow
-560,80,-448,untamedwilds:critter_burrow
-559,81,-448,snowrealmagic:snow
-552,84,-436,snowrealmagic:snow
-553,82,-434,snowrealmagic:snow
-551,83,-433,snowrealmagic:snow
-553,82,-447,snowrealmagic:snow
-413,94,-532,snowrealmagic:snow
-408,94,-534,snowrealmagic:snow
-408,85,-542,snowrealmagic:texture_tile
-403,91,-541,snowrealmagic:snow
-409,85,-540,snowrealmagic:texture_tile
-405,94,-535,snowrealmagic:snow
-406,95,-532,snowrealmagic:snow
-385,73,-542,snowrealmagic:snow
-399,93,-539,snowrealmagic:snow
-398,90,-539,snowrealmagic:texture_tile
-392,90,-544,snowrealmagic:snow
-399,89,-538,snowrealmagic:texture_tile
-393,91,-542,snowrealmagic:snow
-396,90,-539,snowrealmagic:snow
-388,78,-539,snowrealmagic:snow
-387,76,-540,snowrealmagic:snow
-388,93,-529,snowrealmagic:snow
-387,93,-530,snowrealmagic:snow
-398,89,-537,snowrealmagic:texture_tile
-396,90,-536,snowrealmagic:texture_tile
-398,88,-536,snowrealmagic:texture_tile
-397,90,-535,snowrealmagic:texture_tile
-395,90,-537,snowrealmagic:texture_tile
-400,88,-533,snowrealmagic:texture_tile
-400,90,-531,snowrealmagic:texture_tile
-334,63,-440,resourcefulbees:tiered_beehive
-545,82,-417,snowrealmagic:snow
-545,83,-402,snowrealmagic:snow
-556,82,-409,snowrealmagic:snow
-557,80,-404,snowrealmagic:snow
-552,83,-403,snowrealmagic:snow
-546,82,-410,snowrealmagic:snow
-555,82,-416,snowrealmagic:snow
-547,82,-410,snowrealmagic:snow
-547,82,-405,snowrealmagic:snow
-545,82,-406,snowrealmagic:snow
-546,82,-405,snowrealmagic:snow
-549,82,-404,snowrealmagic:snow
-545,81,-409,snowrealmagic:snow
-550,78,-386,snowrealmagic:texture_tile
-551,80,-398,snowrealmagic:snow
-550,83,-399,snowrealmagic:snow
-551,78,-386,snowrealmagic:snow
-548,85,-388,snowrealmagic:snow
-560,71,-392,snowrealmagic:snow
-549,83,-388,snowrealmagic:snow
-550,78,-384,snowrealmagic:texture_tile
-552,68,-371,snowrealmagic:snow
-332,39,-520,lootr:special_loot_chest
-359,65,-544,snowrealmagic:snow
-359,69,-537,snowrealmagic:snow
-355,66,-543,snowrealmagic:snow
-571,89,-511,snowrealmagic:snow
-565,86,-502,snowrealmagic:snow
-569,89,-511,snowrealmagic:snow
-576,91,-512,untamedwilds:critter_burrow
-573,79,-490,resourcefulbees:tiered_beehive
-562,76,-473,snowrealmagic:snow
-561,76,-473,snowrealmagic:snow
-562,76,-469,snowrealmagic:snow
-573,78,-472,snowrealmagic:snow
-561,77,-465,snowrealmagic:snow
-562,76,-479,snowrealmagic:snow
-561,76,-479,snowrealmagic:snow
-575,75,-460,snowrealmagic:snow
-573,73,-457,snowrealmagic:snow
-575,68,-436,snowrealmagic:snow
-562,72,-444,snowrealmagic:snow
-564,73,-446,snowrealmagic:snow
-576,68,-437,snowrealmagic:snow
-386,66,-546,snowrealmagic:snow
-385,65,-547,snowrealmagic:snow
-398,79,-549,snowrealmagic:snow
-395,70,-552,snowrealmagic:snow
-394,70,-553,snowrealmagic:snow
-394,70,-554,snowrealmagic:snow
-392,69,-557,snowrealmagic:snow
-391,69,-559,snowrealmagic:snow
-397,72,-552,snowrealmagic:snow
-395,70,-558,snowrealmagic:snow
-395,80,-548,snowrealmagic:snow
-397,73,-554,snowrealmagic:snow
-385,70,-557,snowrealmagic:snow
-393,69,-553,snowrealmagic:snow
-371,71,-559,snowrealmagic:snow
-370,72,-560,snowrealmagic:snow
-377,66,-553,snowrealmagic:snow
-369,71,-560,snowrealmagic:snow
-450,63,-295,resourcefulbees:tiered_beehive
-575,84,-531,snowrealmagic:snow
-574,81,-531,snowrealmagic:snow
-576,90,-526,snowrealmagic:texture_tile
-563,12,-527,quark:monster_box
-574,70,-558,snowrealmagic:snow
-569,66,-556,snowrealmagic:snow
-352,64,-553,snowrealmagic:snow
-343,63,-554,snowrealmagic:snow
-343,63,-559,snowrealmagic:snow
-573,70,-419,snowrealmagic:snow
-575,69,-431,snowrealmagic:snow
-570,69,-421,snowrealmagic:snow
-574,69,-431,snowrealmagic:snow
-571,69,-432,snowrealmagic:snow
-568,69,-432,snowrealmagic:snow
-571,70,-405,snowrealmagic:snow
-574,70,-401,snowrealmagic:snow
-573,70,-402,snowrealmagic:snow
-571,70,-404,snowrealmagic:snow
-576,71,-401,snowrealmagic:snow
-571,70,-401,snowrealmagic:snow
-569,70,-404,snowrealmagic:snow
-572,70,-401,snowrealmagic:snow
-561,70,-395,snowrealmagic:snow
-568,71,-386,snowrealmagic:snow
-357,64,-548,snowrealmagic:snow
-356,64,-549,snowrealmagic:snow
-357,64,-549,snowrealmagic:snow
-359,65,-546,snowrealmagic:snow
-377,69,-573,snowrealmagic:snow
-375,64,-576,snowrealmagic:texture_tile
-374,67,-575,snowrealmagic:snow
-581,68,-560,snowrealmagic:snow
-579,70,-557,snowrealmagic:snow
-590,69,-544,snowrealmagic:snow
-591,70,-538,snowrealmagic:snow
-584,8,-542,tetra:transfer_unit
-583,9,-542,tetra:extractor_piston
-583,8,-542,tetra:core_extractor
-590,69,-538,snowrealmagic:snow
-584,8,-540,tetra:transfer_unit
-583,9,-540,tetra:extractor_piston
-577,90,-529,snowrealmagic:snow
-592,70,-534,snowrealmagic:snow
-583,8,-540,tetra:core_extractor
-585,69,-515,snowrealmagic:snow
-589,69,-526,snowrealmagic:snow
-578,91,-527,snowrealmagic:texture_tile
-577,90,-528,snowrealmagic:snow
-577,90,-527,snowrealmagic:texture_tile
-584,69,-507,snowrealmagic:snow
-592,70,-512,untamedwilds:critter_burrow
-590,69,-499,snowrealmagic:snow
-586,69,-501,resourcefulbees:tiered_beehive
-579,79,-486,snowrealmagic:snow
-587,81,-486,snowrealmagic:snow
-585,81,-485,snowrealmagic:snow
-582,80,-485,snowrealmagic:snow
-295,63,-284,resourcefulbees:tiered_beehive
-577,78,-472,snowrealmagic:snow
-585,79,-477,snowrealmagic:snow
-584,78,-475,snowrealmagic:snow
-582,78,-473,snowrealmagic:snow
-579,78,-476,snowrealmagic:snow
-579,78,-473,snowrealmagic:snow
-586,74,-470,snowrealmagic:snow
-577,76,-464,snowrealmagic:snow
-293,63,-514,resourcefulbees:tiered_beehive
-579,69,-429,snowrealmagic:snow
-582,69,-424,snowrealmagic:snow
-584,69,-420,snowrealmagic:snow
-581,70,-420,snowrealmagic:snow
-579,70,-417,snowrealmagic:snow
-587,71,-406,snowrealmagic:snow
-586,70,-407,snowrealmagic:snow
-588,70,-411,snowrealmagic:snow
-592,76,-415,snowrealmagic:snow
-586,70,-410,snowrealmagic:snow
-577,71,-401,snowrealmagic:snow
-592,76,-413,snowrealmagic:texture_tile
-578,71,-399,snowrealmagic:snow
-578,68,-434,snowrealmagic:snow
-579,68,-436,snowrealmagic:snow
-582,68,-434,snowrealmagic:snow
-579,68,-434,snowrealmagic:snow
-574,67,-568,snowrealmagic:snow
-565,5,-561,slimier-slimes:lava_slime_spawner
-570,69,-561,snowrealmagic:snow
-567,67,-567,snowrealmagic:snow
-570,67,-564,snowrealmagic:snow
-575,68,-562,snowrealmagic:snow
-572,67,-568,snowrealmagic:snow
-574,67,-566,snowrealmagic:snow
-574,67,-567,snowrealmagic:snow
-579,68,-563,snowrealmagic:snow
-584,70,-573,snowrealmagic:snow
-583,67,-564,snowrealmagic:snow
-583,67,-566,snowrealmagic:snow
-583,68,-568,snowrealmagic:snow
-588,88,-576,snowrealmagic:snow
-586,68,-567,snowrealmagic:snow
-583,69,-570,snowrealmagic:snow
-366,67,-568,snowrealmagic:snow
-367,68,-569,snowrealmagic:snow
-360,64,-568,snowrealmagic:snow
-355,63,-575,snowrealmagic:snow
-363,64,-569,snowrealmagic:snow
-367,70,-562,snowrealmagic:snow
-374,63,-268,resourcefulbees:tiered_beehive
-374,65,-582,snowrealmagic:snow
-369,37,-586,tetra:forged_container
-370,66,-588,snowrealmagic:snow
-370,37,-586,tetra:forged_container
-372,14,-580,tetra:forged_container
-376,66,-588,snowrealmagic:snow
-373,14,-580,tetra:forged_container
-373,64,-578,snowrealmagic:snow
-375,66,-591,snowrealmagic:snow
-608,72,-512,untamedwilds:critter_burrow
-596,70,-491,snowrealmagic:snow
-600,82,-483,snowrealmagic:snow
-598,82,-484,snowrealmagic:snow
-607,69,-488,snowrealmagic:snow
-603,81,-480,snowrealmagic:snow
-595,74,-409,snowrealmagic:snow
-562,68,-579,snowrealmagic:snow
-575,69,-585,snowrealmagic:snow
-569,68,-582,snowrealmagic:snow
-573,68,-579,snowrealmagic:snow
-583,86,-582,snowrealmagic:snow
-585,89,-581,snowrealmagic:snow
-586,89,-580,snowrealmagic:snow
-597,71,-576,snowrealmagic:snow
-608,88,-576,untamedwilds:critter_burrow
-600,70,-555,snowrealmagic:snow
-605,70,-557,snowrealmagic:snow
-595,9,-540,tetra:extractor_piston
-594,8,-542,tetra:transfer_unit
-593,70,-529,snowrealmagic:snow
-607,71,-530,snowrealmagic:snow
-595,8,-540,tetra:core_extractor
-594,8,-540,tetra:transfer_unit
-598,71,-534,snowrealmagic:snow
-605,72,-540,snowrealmagic:snow
-595,9,-542,tetra:extractor_piston
-595,8,-542,tetra:core_extractor
-368,66,-589,snowrealmagic:snow
-367,14,-581,tetra:transfer_unit
-367,14,-582,tetra:transfer_unit
-358,64,-589,snowrealmagic:snow
-365,18,-582,tetra:hammer_head
-357,63,-577,snowrealmagic:texture_tile
-365,19,-582,tetra:hammer_base
-257,63,-514,resourcefulbees:tiered_beehive
-263,63,-449,resourcefulbees:tiered_beehive
-624,72,-566,snowrealmagic:snow
-612,84,-569,snowrealmagic:snow
-620,69,-559,snowrealmagic:snow
-624,70,-537,snowrealmagic:snow
-612,71,-531,snowrealmagic:snow
-615,74,-510,snowrealmagic:snow
-451,63,-254,resourcefulbees:tiered_beehive
-624,81,-484,snowrealmagic:snow
-623,70,-491,snowrealmagic:snow
-621,70,-490,snowrealmagic:snow
-615,81,-477,snowrealmagic:snow
-613,81,-478,snowrealmagic:snow
-599,63,-254,resourcefulbees:tiered_beehive
-459,77,-364,snowrealmagic:snow
-507,81,-479,snowrealmagic:snow
-528,76,-463,snowrealmagic:snow
-573,71,-615,snowrealmagic:snow
-571,70,-619,snowrealmagic:snow
-574,71,-615,snowrealmagic:snow
-569,70,-620,snowrealmagic:snow
-575,71,-615,snowrealmagic:snow
-569,70,-622,snowrealmagic:snow
-564,70,-615,snowrealmagic:snow
-564,70,-616,snowrealmagic:snow
-563,70,-620,snowrealmagic:snow
-573,70,-623,snowrealmagic:snow
-572,70,-623,snowrealmagic:snow
-574,70,-623,snowrealmagic:snow
-573,70,-624,snowrealmagic:snow
-576,70,-623,snowrealmagic:snow
-592,88,-622,snowrealmagic:snow
-587,93,-622,snowrealmagic:snow
-592,89,-623,snowrealmagic:snow
-358,63,-579,snowrealmagic:snow
-360,64,-587,snowrealmagic:snow
-375,66,-590,snowrealmagic:snow
-473,63,-635,resourcefulbees:tiered_beehive
-571,70,-632,snowrealmagic:snow
-565,69,-628,snowrealmagic:snow
-565,69,-627,snowrealmagic:snow
-564,70,-632,snowrealmagic:snow
-562,70,-634,snowrealmagic:snow
-563,70,-637,snowrealmagic:snow
-564,70,-635,snowrealmagic:snow
-569,70,-633,snowrealmagic:snow
-589,96,-637,snowrealmagic:snow
-584,96,-626,snowrealmagic:snow
-583,83,-640,snowrealmagic:snow
-584,97,-631,snowrealmagic:snow
-585,97,-629,snowrealmagic:snow
-584,97,-630,snowrealmagic:snow
-585,97,-632,snowrealmagic:snow
-579,72,-634,snowrealmagic:snow
-254,23,-307,quark:monster_box
-233,19,-300,lootr:special_loot_chest
-233,27,-292,lootr:special_loot_chest
-230,19,-296,minecraft:mob_spawner
-230,28,-289,minecraft:skull
-233,27,-300,lootr:special_loot_chest
-230,20,-303,minecraft:skull
-230,27,-296,minecraft:mob_spawner
-232,19,-281,quark:monster_box
-238,35,-282,lootr:special_loot_chest
-224,65,-400,untamedwilds:critter_burrow
-210,63,-541,resourcefulbees:tiered_beehive
-223,35,-356,lootr:special_loot_chest
-221,35,-357,minecraft:mob_spawner
-219,35,-358,lootr:special_loot_chest
-224,63,-352,untamedwilds:critter_burrow
-211,23,-292,lootr:special_loot_chest
-217,36,-289,minecraft:mob_spawner
-214,24,-289,minecraft:skull
-220,36,-287,lootr:special_loot_chest
-206,38,-545,lootr:special_loot_chest
-208,86,-496,untamedwilds:critter_burrow
-200,45,-349,lootr:special_loot_chest
-202,45,-346,lootr:special_loot_chest
-202,45,-348,minecraft:mob_spawner
-196,14,-332,quark:monster_box
-256,64,-256,untamedwilds:critter_burrow
