x,y,z,uuid,type,alive,display_name,custom_name
-505.74912616508334,1.0,-496.1246641241405,0e0d17d4-323a-4dc0-b4e2-8d9584e50257,minecraft:item,true,Medium Health Potion,[null]
-444.5028192094449,74.0625,-408.5996050508763,f45ff0c4-4314-4f03-9805-1481031aef0e,minecraft:item,true,Leather,[null]
-445.60150333886367,74.0,-409.3835525670455,0ace8202-5f86-47b2-9ad1-66270fc7a9f2,minecraft:item,true,Quill,[null]
-444.3507984460235,74.0625,-410.40507884184547,ccfaa368-b908-4534-b720-5b4ab14e6216,minecraft:item,true,item.lycanitesmobs.equipmentpart_bruchaquill,[null]
-389.81501460886585,66.41304364455831,-440.6652131331001,e96e039c-76fd-47b7-82f4-3e0b69a2accf,projectvibrantjourneys:night_bat,true,Bat,[null]
-425.37824389090264,71.0,-449.7664624584558,efdb37cf-8938-4bce-842a-d21b01e1eda8,minecraft:item,true,Bone,[null]
-424.7416651634519,71.0,-450.21361885796966,bf06fbd5-af48-4b14-99ff-660b2f2e03ee,minecraft:item,true,Feather,[null]
-393.77653139623914,51.0,-424.67164275024714,935ab903-0a3e-426e-9536-88872da5ffe4,lycanitesmobs:jengu,true,Jengu Lvl 4,[null]
-393.9803862231404,56.96548050789792,-413.3354169743623,d550df9c-9150-4b4a-aefa-3dcb5796c9f4,minecraft:salmon,true,Salmon,[null]
-401.6085592589305,8.0,-373.3527930340879,7ee088a8-441b-4e07-b6b5-cc95d06050d8,minecraft:item,true,Medium Health Potion,[null]
-401.0032242566043,8.0,-373.1830377322693,a59fae05-5751-4324-a7d3-7349f946eb2a,minecraft:item,true,Light Blue Jelly,[null]
-401.64284267142244,9.0,-372.93178043892937,4476a4ef-c837-4d44-bae9-e9825207cdd2,minecraft:item,true,Magenta Jelly,[null]
-400.35725701821036,8.0,-372.13473495819864,56632ba8-a305-4624-8836-923b047dcd0e,minecraft:item,true,Magenta Jelly,[null]
-400.28476401442435,8.0,-372.33677223331756,0e0cef4d-155b-45a0-ade2-83efd4077132,minecraft:item,true,Light Blue Jelly,[null]
-463.7110038646831,60.625,-359.3261381488903,87a18540-9a82-4492-9ff7-8b9822e34bbe,alexsmobs:crow,true,Crow,[null]
-506.28213969557595,1.0,-495.8620664324666,97126b85-1282-4d24-bff6-d751a87a3c3e,minecraft:item,true,Lime Jelly,[null]
-459.924887177174,67.0625,-488.15029770850794,19b81489-921a-4c32-b0ce-c33743c869f9,minecraft:item,true,Snowball,[null]
-460.51112587462455,67.0,-487.7498782497671,147c841c-65d1-4cba-9a41-47c8b0985a2c,minecraft:item,true,Raw Yeti Meat,[null]
-509.9911444307108,79.0625,-443.47136786115766,54d92dbd-865e-4b05-a0d5-64c31f740388,minecraft:item,true,Cursed Heart,[null]
-379.8232470423715,14.0,-461.5,b1e4d0a0-2f1f-4dfe-876a-123f6111b6a1,eanimod:enhanced_chicken,true,Chicken,[null]
-372.4546329785868,60.8830498685479,-454.599362064213,5162198f-951d-4b75-955d-3addf61cfd5b,aquaculture:atlantic_herring,true,Atlantic Herring,[null]
-369.93200342853333,60.00481686581521,-454.8283772550558,e2f1672d-7f6d-4958-9452-50745f6ab8d8,aquaculture:atlantic_herring,true,Atlantic Herring,[null]
-393.1815548068926,57.12885584480318,-421.0309693762297,4bd78bef-5b5a-416b-9360-0578c5dfd6f4,minecraft:salmon,true,Salmon,[null]
-382.53322448394897,59.006504821839606,-448.5138368851886,3b062ada-719f-460c-ae36-d441904711af,aquaculture:atlantic_herring,true,Atlantic Herring,[null]
-378.946831700291,50.0,-420.6524192040923,78e353f3-309a-47f0-a47b-97fc5165308c,minecraft:item,true,Prismarine Shard,[null]
-377.9763679792102,50.0,-419.2536039406533,3b7ed708-0df5-4dc4-b1b0-6f4a4726ba09,minecraft:item,true,Water Jet Charge,[null]
-383.55718177945397,63.125,-493.0445300891797,79542cb6-1da8-4569-b70d-90897921221b,alexsmobs:crow,true,Crow,[null]
-358.10936092395684,62.316729026854446,-353.5698960541225,8f6fc6f7-644d-42c7-bab8-06cc841b4451,pandoras_creatures:seahorse,true,Seahorse,[null]
-533.1328289768793,19.0,-392.08797299079794,c618d60a-a15d-4477-b2d3-ac630af6ce13,alexsmobs:crow,true,Crow,[null]
-545.8466469159519,26.5,-388.49912167682186,9f165bba-39a5-4d2b-bd77-bd6e11b96e39,alexsmobs:crow,true,Crow,[null]
-393.77500000596046,93.0,-527.512852170984,62dfeff9-6b74-4110-81ba-c40808823400,alexsmobs:crow,true,Crow,[null]
-415.49998858386533,62.2609278120867,-271.99436565313783,42e86b3f-a285-49ce-95b6-ecba01fe2e65,untamedwilds:snake,true,Snake,[null]
-547.5565255919852,26.0,-388.3512532571025,3e86e713-ed01-4c93-8cd6-eaf456a68ef6,alexsmobs:crow,true,Crow,[null]
-543.7837303584652,31.0,-374.5258921897638,082747ee-1294-4ac9-80cc-19b2799ff216,alexsmobs:crow,true,Crow,[null]
-449.25752009393045,48.0,-554.9407394514614,30ff4e9f-2292-4c86-913c-b8a96c9cda10,minecraft:item,true,Cursed Heart,[null]
-321.56124500016597,42.22432589786962,-271.5865785092269,e43cb35f-2e1a-4c24-a97e-aef92ada71e4,minecraft:item,true,Raw Ika Meat,[null]
-298.8849491744647,44.0,-583.2879335658032,bf0cb9b2-fa7f-4939-908d-8bcd1abbd7ce,minecraft:item,true,Shiny Scales,[null]
-305.06704703239535,44.0,-578.9052339782484,ce80118a-a310-4273-9a31-d0a0bfc8ee85,minecraft:item,true,Shiny Scales,[null]
-279.18188503823706,8.030071228145225,-541.3361144298576,35ff1d01-6a49-426a-93d2-472d9fbc273e,lycanitesmobs:silex,true,Silex Lvl 2,[null]
-304.31960691176107,42.294658880165706,-271.19158279791077,772fc7ff-5fc1-4f2f-a2f8-59e24777f83a,minecraft:item,true,Raw Ika Meat,[null]
-318.24826931583124,42.41809507762034,-271.5665637400238,c042bc0c-3d0c-4fa6-84ee-5f89fd9187a5,minecraft:item,true,Raw Ika Meat,[null]
-308.022093853387,68.89429539421067,-268.853993970053,6b783065-a11b-4aa9-83b8-1b8f771132cb,alexsmobs:crow,true,Crow,[null]
-592.492831616994,47.0,-306.8945534510111,a8666980-f98c-423b-a3fb-8fb09fd0871e,minecraft:item,true,Shiny Scales,[null]
-534.2742995036252,56.0,-576.6436789759235,6f3afc4a-569f-4d86-9534-e1f084a951fe,minecraft:item,true,Raw Ika Meat,[null]
-592.5058707634588,79.5,-567.4377217683995,5b46c971-b524-4bb4-8fc7-4523fb4468eb,minecraft:item,true,Raw Bear Meat,[null]
-592.0139271899139,80.5,-568.3633221930056,6a2cc9f1-1d22-44dc-ac29-f3ca8ec2face,minecraft:item,true,Black Bear Hide,[null]
-596.2985983719715,69.0,-558.8922337774436,87d02061-475b-45ee-836c-16f029717480,minecraft:item,true,Raw Beef,[null]
-597.8205831730004,69.0,-558.2304937500256,866ee276-d64e-4c66-b7ef-4c80723595f9,minecraft:item,true,Leather,[null]
-596.2089074477198,69.0,-557.6879856730266,e5320f18-71e0-4ce4-87d5-051e03c9561b,minecraft:item,true,Leather,[null]
-593.875,68.0,-553.5818369185142,aa67a4bb-5fd2-40f0-aad8-61da7f5cabf5,minecraft:item,true,Raw Beef,[null]
-592.110673376087,68.0,-552.1651317416063,2b9047ce-97ad-4156-8430-edd71c3cef50,minecraft:item,true,Leather,[null]
-595.3126927671965,69.0,-556.0935829835065,79b02e6d-0d3e-40c9-897a-330c770e81dd,minecraft:item,true,Raw Beef,[null]
-578.9469637244216,48.0,-271.02809058449174,f48ceca9-85c8-42cf-a4dc-623c84396957,minecraft:item,true,Raw Ika Meat,[null]
-355.45081107119495,42.48613685614925,-245.67131784092524,81a3aaca-6205-4040-bf91-ebb9ea0a67e0,minecraft:item,true,Tropical Fish,[null]
-318.610029239585,46.0,-606.2837591828804,88b4613a-e0de-465f-aca9-435203c44921,minecraft:item,true,Raw Ika Meat,[null]
-279.56050746605763,7.000000000000071,-598.3692740142448,b8334384-5361-432b-a066-ac8c1dad658a,minecraft:item,true,Raw Ika Meat,[null]
-274.55108188063156,8.00000000000005,-604.155367197985,7b5b3527-ff51-42b8-9f24-f7f01d6e5f7c,minecraft:item,true,Raw Ika Meat,[null]
-278.74885779702043,44.0,-600.1571610488254,021e545c-f3a1-47af-8279-8e0af0533f72,minecraft:item,true,Raw Ika Meat,[null]
-277.0684651490137,44.0,-601.0466426469324,3572179c-d6fa-4bb3-89e7-f584a04cdeae,minecraft:item,true,Raw Ika Meat,[null]
-372.18725365362326,11.0,-598.2095129007798,666a3466-310f-441c-bbd9-f30eef5fc136,minecraft:item,true,Plant Fibers,[null]
-461.4566659491682,48.0,-592.293957562272,adbf4bc6-6d98-492e-bd6e-8b348aee38d8,minecraft:item,true,Shiny Scales,[null]
-491.86559088325487,54.0,-253.62260338071798,97651374-c906-4e0b-b705-e1bd4431d038,minecraft:item,true,Shiny Scales,[null]
-580.8744022707015,44.0,-241.70769288545938,c93c0740-bf44-4747-a7dc-53122d8b14b0,minecraft:item,true,Shiny Scales,[null]
-611.7271276536043,33.000000000000455,-450.41681230813094,4a68e464-767e-4161-9c26-a9adde72e03a,minecraft:item,true,Plant Fibers,[null]
-611.8170169585411,34.25,-451.61978707799074,6dc8075b-7980-4a42-9726-2192e2507794,minecraft:item,true,Aubergine Seeds,[null]
-264.10000002384186,39.85336788950423,-603.0955579280211,9f870d4e-c5f9-4b50-9254-ddfa91743981,untamedwilds:shark,true,Shark,[null]
-399.0550622129592,63.57128987277695,-416.74588689098164,9df6acb3-6618-474a-a2b0-e2e74748ae05,minecraft:player,true,amoooooooooo,[null]
-386.0272261631146,49.34867997259687,-421.5390018401734,b11d2b0a-64b1-41a7-8239-3494b0085624,lycanitesmobs:abaia,true,Abaia Lvl 4,[null]
-372.6063535007155,24.0,-621.4516176918501,5649210a-7644-46bf-82ad-9adc67c15aff,minecraft:item,true,Cave Root,[null]
-371.31573372851227,25.0,-620.6940940729443,da951a43-b642-4e56-a206-dbc7247b46c0,minecraft:item,true,Cave Root,[null]
-378.875,23.0,-618.125,d26afaa2-322b-44d6-8c77-5dd07b179493,minecraft:item,true,Cave Root,[null]
-375.875,39.0,-613.125,abeabfa5-907a-493a-a833-744878f3fd39,minecraft:item,true,Cave Root,[null]
-311.7947250871399,14.21674628178346,-616.5211181842966,506543dc-e215-417a-aa3a-f66a42ebf20b,lycanitesmobs:ika,true,Ika ,[null]
-295.44005516171455,16.0,-608.2136913022096,b4f59974-a525-4f90-84b2-75af5f58f93e,lycanitesmobs:ika,true,Ika Lvl 3,[null]
-284.875,15.0,-616.875,309db5d7-1843-4730-85ef-1cd55aba35c2,minecraft:item,true,Cave Root,[null]
-585.135185215111,32.0,-617.875,561c61ea-71e5-42b4-9442-7b6a616aa13e,minecraft:item,true,Cave Root,[null]
-438.4262252392803,47.0,-394.42522947217793,7c713eb3-c335-47f6-9043-c3cb21880460,farlanders:looter,true,Looter,[null]
-430.34860381359175,45.10465899249539,-344.74235183004106,03273ffa-6e91-48dc-83d2-4ca010c1846d,minecraft:squid,true,Squid,[null]
-319.76536958318684,12.0,-482.1140035322279,dd50d4cb-ed0e-465c-9679-3161f265d0b7,minecraft:item,true,Clam,[null]
-387.9991317474,15.0,-434.0001730815294,743af5b5-283b-44f2-a64f-8a505ee4a6c6,projectvibrantjourneys:clam,true,Clam,[null]
-393.22546434178855,50.0,-419.24874688021066,c67af406-552e-4d1a-85a5-0d4e7bcd490e,aquaculture:atlantic_cod,true,Atlantic Cod,[null]
-387.65116456148627,57.72641981657701,-422.549144612959,29fb5c8a-f7db-4276-96cf-393b95698f08,aquaculture:pollock,true,Pollock,[null]
-386.73097421255983,55.78037021645009,-421.01371797934445,eef7fa52-2460-4759-88be-eb324cd34c40,aquaculture:pollock,true,Pollock,[null]
-387.4960091922921,52.69999998807907,-427.48754214818086,ecb114d0-1077-4600-8079-3119dabf5dfc,aquaculture:pollock,true,Pollock,[null]
-382.4676603023999,59.90786172558811,-452.2674098155825,4cd7e1dc-86f3-4b2a-a282-36582e0c1608,aquaculture:blackfish,true,Blackfish,[null]
-383.4254021156914,59.432123897069964,-454.1650260407837,8a6897e4-ac90-42e4-8250-b8e1e74fab6a,aquaculture:blackfish,true,Blackfish,[null]
-382.06862734235983,59.13186449418603,-453.7162436424558,cdcc421c-5b51-4162-8a0f-bef80c267f60,aquaculture:blackfish,true,Blackfish,[null]
-383.2456163510808,59.0,-453.1227742145171,d0bb92b4-3198-49ea-a3cd-3e18ec8b6f8d,aquaculture:blackfish,true,Blackfish,[null]
-381.286676324937,58.74310212780308,-447.9751426571143,f1b087a6-84df-4dc3-a9fd-c4302b908aeb,aquaculture:atlantic_herring,true,Atlantic Herring,[null]
-383.543258858899,58.41558788176692,-448.5405294223917,7c58c989-85b2-42c0-a04e-2ae30845578f,aquaculture:atlantic_herring,true,Atlantic Herring,[null]
-375.86187987916435,31.0,-624.5360211356615,652f3d37-13d5-4e01-952d-250a7befd349,minecraft:item,true,Cave Root,[null]
-343.74002873820893,12.000000000000014,-628.4785203429419,9a1e688d-37ec-451b-aa2b-61b403e521fe,minecraft:item,true,Gravel,[null]
-346.3933067758829,26.1279482477063,-628.2514754665931,54d7127f-5490-485d-add5-098b0b2a4ccc,minecraft:item,true,Gravel,[null]
-345.5716828744856,26.1679482477063,-627.9911689459966,6aae0da9-979c-4791-b7bf-c247314a219b,minecraft:item,true,Gravel,[null]
-344.4982713932085,37.526136856150316,-625.5640684588192,98f67a4c-6b6d-49eb-b830-a0331c8284bf,minecraft:item,true,Alluvium,[null]
-343.9629113563324,38.00613685615019,-626.3472518624277,6e53cad2-d171-4d7b-8946-0acac7ae2bd7,minecraft:item,true,Gravel,[null]
-344.0293873414919,38.036136856150186,-627.4483223519092,1c09ad7c-0390-41cd-8068-007c5ebc7131,minecraft:item,true,Gravel,[null]
-347.05540909977736,38.368788643250305,-629.2660470239248,74f1326a-c834-40d9-889d-aeec48a624dc,minecraft:item,true,Gravel,[null]
-276.3727037404665,26.375,-629.8125,945ebc4b-f24b-4ec8-8743-75f734ff2d16,minecraft:item,true,Cave Root,[null]
-255.125,11.0,-310.125,51031d21-c4e8-4c8a-9fd9-84a415fa4f38,minecraft:item,true,Plant Fibers,[null]
-254.2912558971938,17.0,-300.0382536400137,ad236666-6621-4f3a-a3ea-e66066add62a,minecraft:item,true,Plant Fibers,[null]
-243.6341572620732,34.0,-303.8668543441661,03c9738f-90ae-41ea-9807-060a01f2210a,minecraft:item,true,Plant Fibers,[null]
-247.30000001192093,62.0,-294.670118322862,e7d42128-0de0-4772-a224-8a7be3ecf3d6,untamedwilds:arowana,true,arowana,[null]
-231.8536275749931,9.0,-365.2683286708382,ec0edb14-198e-435d-a399-6ca307c8b3d8,minecraft:item,true,Plant Fibers,[null]
-236.6608298346935,46.125,-360.46488408786723,49410bb4-bd86-4d15-8422-bb2414fc2d45,minecraft:item,true,Mossy Gravel,[null]
-238.02163056444505,46.0,-357.227038018352,ddc06d24-daa9-405b-bc99-452e64af4335,minecraft:item,true,Plant Fibers,[null]
-237.69016695782125,46.375,-359.87122064401757,e6c5ad1b-fd63-4014-a4bd-43222216f59c,minecraft:item,true,Plant Fibers,[null]
-237.125,45.88817413525096,-356.125,92f32d0d-46fe-4d9e-9054-3320838d4e3b,minecraft:item,true,Red Mushroom,[null]
-237.56323862122593,12.0,-340.28942626629714,7e5ed202-cb90-4aba-81e8-73bae7c4ac53,minecraft:item,true,Spruce Sapling,[null]
-237.56275623828023,12.0,-338.8876533812826,2578024a-d0d5-4df1-a672-15106876c3d0,minecraft:item,true,Wheat Seeds,[null]
-237.5627216656662,12.0,-339.1246927473978,3343022b-acf5-43c2-9b7c-1f68c6faab38,minecraft:item,true,Demon's Dream Seeds,[null]
-238.125,11.0,-339.5676901503742,a3fc0c37-9974-415c-9aa7-b9675cb32b78,minecraft:item,true,Plant Fibers,[null]
-235.96248263561932,14.0,-347.55392608762617,7bf6478a-5d72-409f-9b21-d90efddfdeaa,minecraft:item,true,Plant Fibers,[null]
-233.4938453643776,14.0,-343.67877333035767,41a07569-bca6-459c-a4c4-3587d0c703b4,minecraft:item,true,Red Mushroom,[null]
-226.11992723750697,11.0,-347.1346328123288,e52c8666-71ee-4e4a-b061-5dc9a2866edf,minecraft:item,true,Plant Fibers,[null]
-235.41921828322512,20.0,-337.0930668043396,a0afe404-6c1d-4323-ad6a-bcae997f0423,minecraft:item,true,Plant Fibers,[null]
-233.93246618963204,45.0,-348.85999917624997,7fd837a2-6102-4612-9030-6b91445088e2,minecraft:item,true,Plant Fibers,[null]
-235.69262220003802,33.0,-344.5726554909469,b7c63709-5d8a-4225-9aa4-945580dd83c4,minecraft:item,true,Brown Mushroom,[null]
-228.133716345596,62.0,-338.2849104936529,22a6d785-bf0a-4c27-abb1-9680ff82aef6,clumps:xp_orb_big,true,Experience Orb,[null]
-239.125,12.0,-333.65894962185075,8199e05e-0b87-4352-a6ca-6aca703b5b7f,minecraft:item,true,Plant Fibers,[null]
-234.5632948356983,12.0,-323.328103233754,a6c622f4-0d30-412d-8451-ed39d3917902,minecraft:item,true,Demon's Dream Seeds,[null]
-237.5600162572886,11.375,-324.875,29aedf9a-ecce-46a9-8b3f-4c86c599e605,minecraft:item,true,Aubergine Seeds,[null]
-234.125,11.75,-327.875,0e8fd828-af65-4429-a5f2-0fd61d1d21e9,minecraft:item,true,Jungle Sapling,[null]
-233.125,11.92485081724186,-325.875,572da8f5-dbc1-4d81-b0bd-ae0e65e13cdd,minecraft:item,true,Wheat Seeds,[null]
-233.125,11.861917016629352,-325.875,dbd2a8df-4ce7-4bee-abf4-d6dc3d71aadb,minecraft:item,true,Demon's Dream Seeds,[null]
-234.125,11.0,-327.875,6e258413-ef34-4ccd-9e72-b319e63fc9c2,minecraft:item,true,Plant Fibers,[null]
-233.0990815343676,62.0,-335.67136272544116,8364b318-899f-47ac-a8f2-3acb9a31e3e7,lycanitesmobs:ika,true,Ika Lvl 4,[null]
-236.6664497674974,35.0,-309.4864028941579,eb6ab371-cbf6-413b-9ae7-4b2a7c4c78e5,minecraft:item,true,Plant Fibers,[null]
-233.125,35.0,-310.125,089562f8-0f82-4eea-a8be-db85df7d27a4,minecraft:item,true,Plant Fibers,[null]
-238.22410996370084,62.0,-304.45655298076207,34c14e28-6a47-4b33-9d42-328c29f33d53,untamedwilds:hippo,true,Common Hippo,[null]
-239.125,15.5,-374.33989540084167,3a9eba22-d14d-4dd4-9dcf-ade4ef935f36,minecraft:item,true,Mossy Gravel,[null]
-233.5729107069713,14.0,-373.341562441708,ee6210e4-3dae-4b37-9636-3a59a07f3f14,minecraft:item,true,Stone Button,[null]
-232.15020349561732,13.5,-374.28109687312366,4b304d00-c24d-49b7-8c17-a30374e1c569,minecraft:item,true,Stone Button,[null]
-230.5437317144056,13.0,-375.8223825259087,06284674-b44d-47d3-8273-cc57c3584d26,minecraft:item,true,Stone Button,[null]
-230.125,11.862663996833959,-382.875,1fb098b1-e25b-4e28-9b6f-a6cdae829161,minecraft:item,true,Brown Mushroom,[null]
-235.72278322191286,15.0,-373.00537329403863,ad97bc77-0298-46d8-bd9a-0b0411f1ec05,minecraft:item,true,Stone Button,[null]
-230.61957850587973,13.0,-375.75895463859075,03aa5ab8-7596-4eaf-a5df-b81f76584b43,minecraft:item,true,Plant Fibers,[null]
-235.6726947579539,15.5,-371.55686785969283,a234c075-7703-46b0-bc8b-55eec6460073,minecraft:item,true,Plant Fibers,[null]
-230.125,11.863784447424859,-382.875,3a84341d-c793-4a50-9e33-1b65578fcdd0,minecraft:item,true,Spruce Sapling,[null]
-229.125,11.0,-380.5097689362242,cf6d985a-9a96-428d-8bd7-172be1754980,minecraft:item,true,Plant Fibers,[null]
-239.125,43.0,-379.86109699500093,c3c58563-d4fd-4e6e-b6a9-99a3946509a3,minecraft:item,true,Plant Fibers,[null]
-233.9806365288926,2.8883422956813307,-512.1800257213274,33be2503-ae47-424f-9005-7d4327d5b07f,lycanitesmobs:silex,true,Silex Lvl 4,[null]
-235.40846619009972,3.0,-506.20274553541947,443cafa1-7932-47b2-acea-f73ce9e9eb76,lycanitesmobs:silex,true,Silex ,[null]
-235.45519143342972,3.0691416331405685,-502.5932931237786,ca0f6695-c88a-4948-a927-e0708344b1cc,lycanitesmobs:silex,true,Silex Lvl 4,[null]
-228.6500813262482,11.0,-511.125,b73d9c46-7904-45c0-b78f-64fa3d25a96f,minecraft:item,true,Plant Fibers,[null]
-225.875,14.75,-511.125,43b64c42-8972-47d8-84ee-61ab7806d50c,minecraft:item,true,Red Mushroom,[null]
-238.875,12.000000000000007,-511.125,a951d985-7bcc-418e-81ab-377cea330512,minecraft:item,true,Plant Fibers,[null]
-236.125,13.0,-496.125,5ffdee9c-efde-4f3f-a173-ac5161bbaf2d,minecraft:item,true,Plant Fibers,[null]
-235.6480072328974,10.0,-510.7135723634912,3b15c4a6-4010-4968-bc31-3cd5ec30285c,minecraft:item,true,Plant Fibers,[null]
-231.6120121482061,9.0,-509.4001252192095,56563207-3dfb-4942-ae0f-0754bc084c77,minecraft:item,true,Plant Fibers,[null]
-226.4964316361801,11.0,-501.5642490287055,158aeba6-877e-4170-a186-5464a8a19408,minecraft:item,true,Red Mushroom,[null]
-231.11204412179313,11.030693170484986,-508.8474044348667,84d34922-cf0b-4ba5-b61f-530312c6b141,minecraft:item,true,Birch Sapling,[null]
-229.1376906796483,3.000062971656286,-502.68426747972177,bd731c3c-4fce-4948-b23e-2215c6ad81ce,minecraft:item,true,Plant Fibers,[null]
-237.63409539196877,18.5,-506.19459364795983,79e12906-2805-4406-800a-1edd96eea5f5,minecraft:item,true,Stone Button,[null]
-229.01331841627496,17.0,-511.1566052684656,eb865704-8c4a-40f1-ae6b-4cd7994d1724,minecraft:item,true,Stone Button,[null]
-227.125,45.0,-501.125,4103e129-8ee3-4bd6-9d7c-52272a70b7cb,minecraft:item,true,Stone Button,[null]
-225.53861915331794,45.5,-502.74148756300985,3a305f20-1680-4b36-9667-0d06b923366a,minecraft:item,true,Brown Mushroom,[null]
-227.125,45.0,-501.125,0e098dc5-1fd4-4bb9-a6cf-4f5c73db0562,minecraft:item,true,Plant Fibers,[null]
-239.125,49.0,-507.5687821254024,9f3ddcc7-2429-4324-839b-6c83bedcaa23,minecraft:item,true,Plant Fibers,[null]
-239.6055194847632,48.000000000000256,-511.125,09f876d2-881e-44b1-a3ff-312d154954b7,minecraft:item,true,Plant Fibers,[null]
-235.0559919941755,57.0,-508.5148582930327,225b2897-3a86-42eb-8f93-1f4c90955b22,minecraft:item,true,Stone Button,[null]
-239.4384113733754,50.0,-508.28774213765865,eee27cdc-80b7-4b1d-835d-f0a97b2e2dd6,minecraft:item,true,Plant Fibers,[null]
-238.67491788355528,18.0,-494.125,4a617c49-4d70-4b8b-ac12-7ef60b2579de,minecraft:item,true,Plant Fibers,[null]
-239.125,62.0,-490.875,d4b5fd68-69c6-482d-b2e5-095775824072,minecraft:item,true,Plant Fibers,[null]
-238.48495628445033,73.0,-491.39739888194345,2597037d-f930-4432-b9fe-4e26da434326,minecraft:item,true,Plant Fibers,[null]
-237.125,71.0,-492.35776931139327,79a701c0-4b80-428f-9bb0-101297e5db6e,minecraft:item,true,Plant Fibers,[null]
-235.125,12.0,-468.875,89c1ae87-ddaa-4a91-88b0-abb452a98d2a,minecraft:item,true,Plant Fibers,[null]
-233.125,13.0,-469.8589862766907,0d6c167b-f122-48e6-84b7-2d26a86f9706,minecraft:item,true,Stone Button,[null]
-232.5683781230148,13.375,-472.125,8f0aea21-ca23-4ea8-adef-75c68c8fd0a8,minecraft:item,true,Oak Sapling,[null]
-233.97658816706723,74.25,-476.41489836712134,c1eb2937-054a-47de-ab52-6d25366deb8d,minecraft:item,true,Plant Fibers,[null]
-233.875,72.0,-475.875,36abda81-277d-4686-b302-267278f0e755,minecraft:item,true,Plant Fibers,[null]
-225.2363961731464,83.0091319698291,-463.5784018833534,390f02ec-c8f5-4fe4-a92e-348c5a2edf1d,resourcefulbees:gold_bee,true,Gold Bee,[null]
-231.34508628687811,63.0,-291.1450082953012,b72928dc-477b-45ce-a433-d48a74aa2843,untamedwilds:hippo,true,Common Hippo,[null]
-233.41138571947627,63.0,-289.1351926244398,f59982f5-433d-4d87-b15b-33f95924430d,untamedwilds:hippo,true,Common Hippo,[null]
-232.36379317107682,62.0,-301.24679272750893,d0d62281-35a4-4396-9e0d-eec3c1f40276,untamedwilds:hippo,true,Common Hippo,[null]
-236.35532674357626,62.0,-303.1155542577949,8359d04a-3aa0-4171-be1d-4198d8f5df78,untamedwilds:hippo,true,Common Hippo,[null]
-239.32413474746684,14.0,-445.5164561807322,335cbeb0-75b0-432d-ab4e-ea6a86a0490d,minecraft:item,true,Plant Fibers,[null]
-238.125,13.007767389530672,-437.875,09c92db9-f648-4b99-a458-c5588366fe45,minecraft:item,true,Red Mushroom,[null]
-238.02406083853896,3.0,-434.59092849493027,f50cb825-b450-49eb-8c33-42c14005c2be,lycanitesmobs:silex,true,Silex ,[null]
-239.25070764022448,24.0,-440.7521782835661,1d1eddca-f128-4e3b-bd08-30141a690745,minecraft:item,true,Cave Root,[null]
-239.5428980149806,24.0,-440.51171321579665,f2c0dc4c-b525-4344-9cba-26ba2aacd842,minecraft:item,true,Brown Mushroom,[null]
-224.7111029288189,50.25,-432.125,58d5250a-3e4e-4dc7-a603-f38f4f0f9c41,minecraft:item,true,Mossy Gravel,[null]
-238.125,20.0,-388.47317482504167,c761b6e8-73cb-4385-ab90-c997020fde7c,minecraft:item,true,Stone Button,[null]
-239.125,19.5,-387.7408773278608,1cb13931-c52d-4a14-bad7-efa9c56eb9f0,minecraft:item,true,Gravel,[null]
-239.125,33.0,-395.84687354017706,8d0d4d9b-3754-47c0-98c6-ba78422a9df0,minecraft:item,true,Plant Fibers,[null]
-238.75839006396265,35.0,-394.73971916874626,125413ff-7837-4f1e-9bd9-d7436c887695,minecraft:item,true,Plant Fibers,[null]
-235.125,42.0,-386.875,2d494eca-2842-4723-b622-38431ee00e39,minecraft:item,true,Plant Fibers,[null]
-239.125,33.5,-390.9049220537868,2ead7fc5-6ca8-4097-9344-288fc207414e,minecraft:item,true,Plant Fibers,[null]
-239.125,53.0,-395.875,7b99fa21-77a8-4f81-9a10-6fd56d4c3f32,minecraft:item,true,Plant Fibers,[null]
-238.125,53.0,-394.875,b0709a7e-e8ea-4742-905b-36eafd913ae5,minecraft:item,true,Plant Fibers,[null]
-238.0598354885926,11.0,-404.60435734651935,35619784-971e-4a1a-807d-779bde0c484e,minecraft:item,true,Plant Fibers,[null]
-233.49601967645617,10.0,-431.55202236771584,5560180c-ae0e-45f4-bff8-1a5941738f1c,lycanitesmobs:silex,true,Silex Lvl 3,[null]
-231.4452336937341,10.0,-429.33360164102515,f0f2f9c4-ada0-4ef1-9a8b-661450c91330,minecraft:item,true,Plant Fibers,[null]
-230.125,11.0,-430.8718908380144,46bc6917-0f9d-4def-ac61-6a6086318ae8,minecraft:item,true,Cave Root,[null]
-236.86687824103683,23.0,-422.4650115691095,338423d6-06e3-44c1-a8d9-62d86a73b9d8,minecraft:item,true,Plant Fibers,[null]
-236.85123627651637,23.5,-421.6135428739915,e4db4a8b-ec19-4937-957f-04f643d99231,minecraft:item,true,Plant Fibers,[null]
-236.8418468537959,23.5,-421.567623139046,b271ab8e-b548-4a83-8c40-ef1cacca3788,minecraft:item,true,Stone Button,[null]
-235.66401341289864,22.375,-422.34835557586155,198843db-fadc-4e2c-98dc-a20671a06060,minecraft:item,true,Brown Mushroom,[null]
-229.6109211493135,21.0,-424.7036984967578,07a9ba03-b482-43b4-9c5b-72a38843be9d,minecraft:item,true,Stone Button,[null]
-229.30712067280336,19.625,-425.96363365817456,c448ffb8-a797-4f6f-a5a5-fde5d7735e77,minecraft:item,true,Stone Button,[null]
-233.86132354434082,26.0,-431.6203745530273,cf4831e4-9a84-43c5-92d7-15400108a9c0,minecraft:item,true,Stone Button,[null]
-230.1132801838462,19.0,-427.4987527594125,6a33ea74-e0bd-4515-9e36-87fe449745f1,minecraft:item,true,Plant Fibers,[null]
-232.99912382066066,24.0,-428.875,52fa874b-5a31-447e-b678-8111d86adf40,minecraft:item,true,Plant Fibers,[null]
-229.125,19.0,-425.75973251664874,678cb9c8-07c5-49eb-94cb-e9b99e5d4e04,minecraft:item,true,Red Mushroom,[null]
-225.13729430500047,49.5,-430.41464347628664,47b507b8-538a-4801-aa50-887ba634bf29,minecraft:item,true,Mossy Gravel,[null]
-224.65303268764558,49.5,-430.2617432494495,44fa616f-3e80-4b71-9fce-1eb327ea5c07,minecraft:item,true,Gravel,[null]
-226.15737621697858,49.5,-430.0131059619088,494dd239-ee73-4db9-8821-11ce6736c3ac,minecraft:item,true,Gravel,[null]
-225.4408822606113,49.0,-429.34886376407457,76846117-cf05-436a-bb23-342f71b59d03,minecraft:item,true,Mossy Gravel,[null]
-238.45068803429604,69.0,-419.45068803429604,63c2f4c6-115e-4842-af89-4b87f4c472a9,lycanitesmobs:arisaur,true,Arisaur ,[null]
-225.50659096240997,4.98681807518005,-603.50659096241,773ea46e-98ed-488c-af72-b6fd9dbe5298,lycanitesmobs:ika,true,Ika Lvl 2,[null]
-228.4382003247738,3.0,-602.4382003247738,4836e12f-5711-4a01-867e-6d9dd24592dc,lycanitesmobs:ika,true,Ika Lvl 3,[null]
-254.8125,38.5,-282.04366979724665,851398dc-a845-46c5-877e-a597e4adee2b,minecraft:item,true,Plant Fibers,[null]
-254.14570664143727,42.0,-277.125,837b4ffc-676c-4dda-8c19-f7c6fde4a7ad,minecraft:item,true,Plant Fibers,[null]
-253.125,42.0,-279.535723222348,473000d9-d0c9-4a99-8e7a-fd8eeb137e86,minecraft:item,true,Plant Fibers,[null]
-254.03977927573,42.0,-279.60881156875723,121c14f2-daaf-4e7a-8f41-9c376eae6f77,minecraft:item,true,Plant Fibers,[null]
-253.79155488546473,51.5,-284.644845718776,42a76f96-3fa7-4ae8-a4cf-52e44cc2b8d8,minecraft:item,true,Plant Fibers,[null]
-253.7790967226992,51.0,-285.4863664648249,86742813-048b-4c47-ad3d-c2005a6d7866,minecraft:item,true,Plant Fibers,[null]
-243.41384322578642,64.0,-280.30761716517446,98d2bc3e-eb61-44c1-9ce6-927f3f9e2ee4,untamedwilds:hippo,true,Common Hippo,[null]
-235.30752080678297,63.0,-287.4025855037034,85511635-c793-41a4-af3d-d42c6eaa6d46,untamedwilds:hippo,true,Common Hippo,[null]
-223.81467123632663,4.458034789378093,-441.9277783016038,d9a6be08-0fe1-4ac6-9898-fbdda4988a3e,lycanitesmobs:silex,true,Keppel  Silex ,[null]
-216.81192478135614,69.03743288918102,-445.893118641486,bc547382-f055-4348-82f9-84944c229fb1,resourcefulbees:coal_bee,true,Coal Bee,[null]
-216.01479153648344,63.0,-380.3956319204091,2d54c8b5-4796-4f87-9c08-cc2f2b8468e0,untamedwilds:bigcat_puma,true,Mountain Lion,[null]
-213.62932294768268,63.0,-384.1208633808041,d3779d5c-4a5c-4f20-a5b0-60aa8f920d41,untamedwilds:bigcat_puma,true,Mountain Lion,[null]
-217.41105569458588,21.625,-429.06165814494506,41a83563-fc2b-4b41-b06a-e0ff9eca1009,untamedwilds:bear_blind,true,Blind Cave Bear,[null]
-221.84258174184905,13.0,-510.125,1c9156d9-3487-41c1-b817-ee64f9fa6c2f,minecraft:item,true,Plant Fibers,[null]
-220.53905741000258,14.0,-510.125,5ee05cfe-217e-4c10-b2e7-3b77b6b34e18,minecraft:item,true,Plant Fibers,[null]
-208.7919396612936,69.19379923644422,-515.4096346354502,02695ccc-b675-42b3-b6e0-1a17bb6ea843,resourcefulbees:coal_bee,true,Coal Bee,[null]
-438.0172001534039,70.0,-465.82606231262446,b072be18-a602-4758-86ce-bda5986bc5dc,minecraft:item,true,Snowball,[null]
-437.6787732134383,70.0,-465.04844438438784,a8a1d95b-f62e-4859-b9c4-fbf4f61d47a3,minecraft:item,true,Frostbolt Charge,[null]
-364.4252044567817,43.5,-473.4008351982283,840832e6-99cf-41a7-8d65-53d6d1b5a342,lycanitesmobs:herma,true,Herma Lvl 3,[null]
-400.0518776620354,40.0,-461.16788714957863,ba423678-1cce-4369-b24f-e8052de72e8b,lycanitesmobs:herma,true,Herma ,[null]
-397.0040974112052,56.855109269939966,-413.5810572113008,18d2867d-cb88-4efa-bd28-14d5008d9dea,minecraft:salmon,true,Salmon,[null]
-377.6605481365891,51.0,-442.41979948591313,044e7694-4d66-448f-aa03-a8376ed7ad1e,minecraft:item,true,Atlantic Halibut,[null]
-375.984773289242,49.0,-434.5842441362917,82542b0c-b6e7-4ecd-a149-4bebd223e79d,minecraft:item,true,Thrasher Tooth,[null]
-363.40278155216515,50.0,-397.4062067605572,799fe385-55cb-4bf6-9c28-3dc5b7a57037,projectvibrantjourneys:clam,true,Clam,[null]
-357.3358875180686,45.0,-413.32724020709645,ab191835-35ae-4300-9c06-cf2fb022da77,minecraft:skeleton,true,Skeleton,[null]
-404.7288528588353,63.0,-447.87216341643824,1f23691b-c718-4225-9fad-60f669d7441d,projectvibrantjourneys:starfish,true,Starfish,[null]
-196.5,40.0625,-427.5,65fa1fd6-138e-4872-93c4-f648e69ca349,lootr:lootr_minecart,true,Minecart with Chest,[null]
-202.9154898623048,57.52300700930039,-540.3157094689514,8511be63-f4b5-4001-93ad-5ce86e23edb6,minecraft:drowned,true,Drowned,[null]
-200.25216171360788,12.0,-527.2615737082363,372e4640-f7e2-4d3e-ac83-030ffbe007d6,minecraft:item,true,Plant Fibers,[null]
-197.7037467757911,11.0,-527.5504136689135,bb20768f-3f7d-43cb-99e1-091b45d471f1,minecraft:item,true,Plant Fibers,[null]
-196.90512722158476,11.375,-527.125,eb3ec454-716c-49c4-a78e-017fe8d37ab4,minecraft:item,true,Plant Fibers,[null]
-196.18231531230103,11.0,-526.125,868ef558-57a0-44a0-b7d6-4f5a50308893,minecraft:item,true,Plant Fibers,[null]
-201.90679731936174,12.0,-527.125,8c3076df-ebfb-43fe-8371-5510417d04a0,minecraft:item,true,Plant Fibers,[null]
-204.125,25.5,-518.375,e4c50c4a-e81e-47be-ad8f-f61ad297556a,minecraft:item,true,Brown Mushroom,[null]
-204.125,16.0,-524.875,9241056d-5b7a-468e-ad80-5f8163405903,minecraft:item,true,Stone Button,[null]
-203.15471446865234,16.0,-518.6668480398744,11dff87e-7ff6-463f-a5ef-ac6d3d861426,minecraft:item,true,Plant Fibers,[null]
-206.125,40.0,-518.5597244248444,fc114519-1cf4-4bbc-9080-c2d498b642bf,minecraft:item,true,Plant Fibers,[null]
-206.125,56.5,-520.9367153546946,33688939-8856-4bf3-9484-dea6111dda71,minecraft:item,true,Plant Fibers,[null]
-206.78577221477795,64.0,-383.51056363897675,87ca02b0-064e-41a3-b0f5-987e84e51929,alexsmobs:crow,true,Crow,[null]
-198.44601322187214,66.0,-472.5442320038726,2d92d1fa-9b51-451b-bc73-433975040802,environmental:deer,true,Deer,[null]
-196.5,50.0,-319.5,d247cb37-c96a-4b6e-b7cf-69f7684bc8f5,mowziesmobs:ferrous_wroughtnaut,true,Ferrous Wroughtnaut,[null]
-197.1310810865173,45.96601281019344,-587.0647195080121,d9f682f7-0269-4f5c-bce3-203a3f43c1cd,minecraft:drowned,true,Drowned,[null]
-361.2108107220128,47.0,-412.125,65b880a8-24f6-49b7-9380-43479babbcac,minecraft:item,true,Arrow,[null]
-437.5,95.0,-498.5,469ad571-f16e-4098-a131-333bd3e3183f,ars_nouveau:wilden_hunter,true,Wilden Hunter,[null]
-319.80000001192093,21.0,-503.19999998807907,c093a3a1-1cc4-4e0d-afc4-7352aef91bec,upgrade_aquatic:thrasher,true,Thrasher,[null]
-378.39056524015456,56.582151798801846,-416.26522192055853,5b700574-8988-46b9-b697-ff16d1835684,aquaculture:red_grouper,true,Red Grouper,[null]
-422.72184962034225,82.64555281364281,-428.53803892141116,a13c9db8-838e-4d2a-a5bb-6b9224ccaccf,lycanitesmobs:aegis,true,Aegis Lvl 4,[null]
-303.20029461855745,43.613782217385804,-380.56263572325577,5a092ac1-65f3-4178-ada2-babd5dfc78f0,pandoras_creatures:seahorse,true,Seahorse,[null]
-297.2322242049343,62.31491076811717,-374.45748673465476,7e06c0a9-9b0f-45dd-8bf0-1538d385be0e,pandoras_creatures:seahorse,true,Seahorse,[null]
-358.2858781142401,55.88759218191603,-445.4899319371843,751c75d4-8d03-497d-840a-20be64e82ad6,aquaculture:blackfish,true,Blackfish,[null]
-358.51556691570306,55.49654014798517,-446.49265265131913,07f4429b-7403-49f0-a693-d141ea273cd8,aquaculture:blackfish,true,Blackfish,[null]
-365.49519164612553,57.35958662235305,-437.18467634968897,ba26afe8-5d83-46e5-8355-b3df9f8accdc,aquaculture:atlantic_herring,true,Atlantic Herring,[null]
-367.7277636632051,56.630540622230754,-438.46245245520305,eb453c75-b678-461d-ac07-938d8fccb618,aquaculture:atlantic_herring,true,Atlantic Herring,[null]
-433.7016673713666,71.0,-475.66899941624837,21f899f2-45fe-4acd-97d5-26a29ad8eb15,minecraft:item,true,Cursed Heart,[null]
-401.5,90.0,-530.5,21d97427-e903-451a-8d8b-3cb8f65ea1af,projectvibrantjourneys:snail,true,Snail,[null]
-382.1323955522049,55.0,-442.61640778125536,f8ffdebd-aced-4c11-be88-b46261cc5802,clumps:xp_orb_big,true,Experience Orb,[null]
-432.5039777659349,19.0,-393.69999998807907,379a6e40-8f6b-4137-b90a-b9d8337c179d,minecraft:zombie,true,Zombie,[null]
-349.5,36.0,-394.5,88289d00-7e63-4e28-9f10-c4cbd4f11708,minecraft:zombie,true,Zombie,[null]
-352.86070402864937,38.0,-402.4919190872933,baae3d18-21fa-49dc-b2f5-f8bf51da8e95,minecraft:zombie,true,Zombie,[null]
-474.9865066173219,48.0,-388.5,0ca9343b-29dd-4f5e-96c4-b6b41b22c782,minecraft:creeper,true,Creeper,[null]
-474.30000001192093,48.0,-388.5,ba85b422-d5a8-4386-98e2-52e89a345dc0,minecraft:creeper,true,Creeper,[null]
-396.18250726345775,40.0,-350.74450205677044,3738f31a-f666-4d86-9c9d-f6f5d69d4dc4,projectvibrantjourneys:ocean_starfish,true,Starfish,[null]
-454.52500000596046,32.14999997615815,-344.3061504059194,2683ce61-74ef-4428-a168-6bef55124390,minecraft:spider,true,Spider,[null]
-441.1063912519878,24.0,-507.0844985904925,6938375e-e28e-4321-b7a4-5a746359f3d7,projectvibrantjourneys:slug,true,Slug,[null]
-440.15441832116477,24.0,-508.2903711007025,addfaeb4-10f9-4feb-9385-a5badb4fe866,projectvibrantjourneys:slug,true,Slug,[null]
-295.99919469782236,32.0,-476.9991947750608,045c59d6-83ee-442d-a230-951ae3ee32d9,projectvibrantjourneys:clam,true,Clam,[null]
-477.7782180242012,78.27368125197393,-421.65813978924564,91a32ce1-b9ea-4757-b2c4-4a411bfe00ce,projectvibrantjourneys:night_bat,true,Bat,[null]
-434.3616466620739,78.10000002384186,-402.25,2f26b1d9-e997-4c7b-b6a0-c27bed9540d7,projectvibrantjourneys:night_bat,true,Bat,[null]
-417.35225501554936,35.0,-454.52500000596046,d4c3e91c-567a-438a-943b-78a4c854213a,minecraft:spider,true,Spider,[null]
-464.15298538483387,54.125,-412.04002202266946,0a2f8086-4cc9-4179-826f-77344af16cb5,farlanders:looter,true,Looter,[null]
-421.5,95.0,-501.5,65b4147a-17da-4807-9be2-dd111d3a40f1,minecraft:skeleton,true,Skeleton,[null]
-384.2563309536737,14.252203340253725,-455.212071831648,7c8ca262-5c73-4b0d-bccf-4ec3ef98cb6d,slimier-slimes:creeper_slime,true,Creeper Slime,[null]
-486.5,20.0,-401.5,d28b6a93-d4e1-4f18-baf5-925613d81745,minecraft:skeleton,true,Skeleton,[null]
-457.5,27.0,-350.5,17feda78-fc22-4d0b-b772-b120c16895bf,minecraft:zombie,true,Zombie,[null]
-250.97408797744444,11.0,-257.86002735472283,a24d0838-0a90-4fa4-8135-cd3c9a57178c,minecraft:item,true,Plant Fibers,[null]
-247.47424077024,11.0,-269.0148914504292,f87f52d5-25a3-4461-b571-6a315af9db34,minecraft:item,true,Aubergine Seeds,[null]
-248.5693119069769,11.0,-269.8774670353665,71b53fb8-f936-4b4d-8d90-969d4e82efc3,minecraft:item,true,Demon's Dream Seeds,[null]
-246.71383753177557,11.0,-263.45982600542345,16cea9fd-44d8-4ac7-8aa0-7098bca60691,minecraft:item,true,Acacia Sapling,[null]
-247.125,11.5,-267.13384278528304,43b60267-8b14-44f7-844a-9d7eda0ca13f,minecraft:item,true,Demon's Dream Seeds,[null]
-247.49203092100916,11.0,-269.2667723901633,e983df03-ce8f-4d78-8592-0ba0b57c9dd6,minecraft:item,true,Demon's Dream Seeds,[null]
-246.8538064209758,11.0,-263.5022740200777,398dc8f7-5163-41a6-ba83-6c4c3d61c3a5,minecraft:item,true,Wheat Seeds,[null]
-246.8075023128892,11.0,-263.47200984115386,c32a93d8-bcb4-4dc1-be77-349d5f2dd03c,minecraft:item,true,Demon's Dream Seeds,[null]
-247.8874188371673,11.0,-262.42162623355296,a6475c49-213e-46bd-8843-3f9ace1e51a3,minecraft:item,true,Aubergine Seeds,[null]
-246.82413238708347,11.0,-263.4701235025486,4d47085a-493f-4451-b43b-14689665a814,minecraft:item,true,Aubergine Seeds,[null]
-247.125,11.0,-263.8684076851911,ef11c59e-1d0b-4a89-9ddc-70dc5e904af9,minecraft:item,true,Plant Fibers,[null]
-251.125,11.0,-263.125,5e7c8b38-86c0-4390-9615-ff6f81dec2d0,minecraft:item,true,Plant Fibers,[null]
-252.125,11.0,-270.9692135333722,7aee1f77-f8a8-411f-8c9a-c309f89eb1c3,minecraft:item,true,Plant Fibers,[null]
-253.125,23.0,-259.2467520991409,9b7984e6-9632-445f-baff-1466c44a4ac0,minecraft:item,true,Plant Fibers,[null]
-254.98399856808524,27.0,-268.68621452137813,79fe1748-ab0e-48c6-9c14-2f14f9073754,minecraft:item,true,Plant Fibers,[null]
-252.125,23.000276496476165,-256.80561421607774,8f607d1b-7124-4e0d-8d0f-62ba7a14a4c1,minecraft:item,true,Plant Fibers,[null]
-252.42150328391895,23.5,-261.0295022626105,63fe8730-d54e-49a8-a30d-f3e7fa8461ca,minecraft:item,true,Brown Mushroom,[null]
-252.125,35.0,-268.125,05094869-95c3-4711-95c6-c6b9333e4e18,minecraft:item,true,Plant Fibers,[null]
-412.30000001192093,37.0,-456.761756509284,ad68d56b-d4f7-4c8e-9c92-5b31edbb8077,minecraft:zombie,true,Zombie,[null]
-419.54658041501466,33.0,-450.4534009152289,fb765998-8626-4a02-9722-8f077b287227,minecraft:skeleton,true,Skeleton,[null]
-432.3034948755329,64.0,-514.7751315424507,1b91ae75-0ecc-4c03-a0e1-3031cf2c8ac6,projectvibrantjourneys:starfish,true,Starfish,[null]
-459.80121905778657,72.0,-388.52402777925056,35cbf570-0099-4cae-9b80-15b61e51ac53,projectvibrantjourneys:slug,true,Slug,[null]
-407.49849238202677,41.0,-431.07499998807907,969d362f-7f8e-4cda-84e3-ff0f610afee5,minecraft:skeleton,true,Skeleton,[null]
-480.013163882622,43.5,-397.5310878696188,57675374-3dcd-4867-aa66-f27067420ac8,minecraft:skeleton,true,Skeleton,[null]
-395.65413950223524,51.96308130954468,-333.49999943318835,32725b36-0597-4d32-a2ae-7571f02dbd4a,pandoras_creatures:seahorse,true,Seahorse,[null]
-407.5,53.0,-497.5,4bbac33e-241c-420b-9edc-fcc48e35058e,minecraft:zombie,true,Zombie,[null]
-459.125,67.0,-494.5961000684391,67369b9d-f008-4bdb-a2f0-42c99fb6b85d,minecraft:item,true,Cursed Heart,[null]
-404.96007559679896,40.769898820319696,-456.6618224184002,fa225d5d-630d-4580-97cb-90e335c0e364,lycanitesmobs:lacedon,true,Lacedon Lvl 4,[null]
-413.1315475171168,72.0,-466.67060485482216,d54439b9-3b98-4653-b881-25c9934ed173,lycanitesmobs:ent,true,Russet  Ent Lvl 4,[null]
-290.5,37.0,-354.5,c1517fce-d7df-4aaa-b742-67e856c80769,projectvibrantjourneys:ocean_starfish,true,Starfish,[null]
-436.98750000074506,71.06976444293667,-458.6188748401872,001d19c0-f96b-4f1a-b3e1-6f589c58b5e1,projectvibrantjourneys:firefly,true,Firefly,[null]
-395.45606054954055,86.60206146081963,-491.48447837388613,aafd6c25-fb7a-4403-baea-4ed962a3707b,projectvibrantjourneys:fly,true,Fly,[null]
-386.11757550854236,15.263226316310465,-451.4758744556457,80cadb0a-41a9-4407-bb5e-6b9b6a8cb588,upgrade_aquatic:glow_squid,true,Glow Squid,[null]
-386.30719103850424,13.128948009340093,-439.6643790146336,80221ab3-734f-47be-ae39-83b1b6a30ab5,upgrade_aquatic:glow_squid,true,Glow Squid,[null]
-388.94999999925494,69.48285387940732,-494.75040889772947,a3f4bf9d-057d-4b5b-b03f-3481c111caa7,projectvibrantjourneys:firefly,true,Firefly,[null]
-424.2468582115629,89.04856826582117,-388.27394514230554,d6ae2a6a-d70c-4d97-85cd-8fc4f8692dd0,projectvibrantjourneys:night_bat,true,Bat,[null]
-435.55833326636156,87.85279474224556,-404.6652924611158,7e583221-2919-48c7-b4d6-f2496bc7bc53,projectvibrantjourneys:firefly,true,Firefly,[null]
-385.8521924923104,62.869492304129146,-427.980251368537,7db964c1-e3df-404f-9369-deb6975d2b8f,rankine:flint_spear,true,entity.rankine.flint_spear,[null]
-336.5,24.0,-489.5,74936163-4f2a-465f-9641-642d74328d5f,ars_nouveau:wilden_stalker,true,Wilden Stalker,[null]
-380.5080809463053,52.5,-513.4308086025902,3c04b4d5-79fc-4299-b3d5-715a6dce761c,minecraft:skeleton,true,Skeleton,[null]
-382.49770752486575,52.0,-513.5015374299483,c57bc33b-ba06-46d8-bc35-45614d7f1f22,minecraft:skeleton,true,Skeleton,[null]
-352.5,25.0,-441.5,342baa36-8fb8-4b85-8326-64f452e39768,projectvibrantjourneys:ocean_starfish,true,Starfish,[null]
-358.70018609070496,23.5,-439.860399489953,8dac0734-6966-4f08-ac2a-25ebe596139e,projectvibrantjourneys:ocean_starfish,true,Starfish,[null]
-444.58459389742336,72.75549794026628,-431.08827415216183,4fc8ae8b-7ac3-4d02-bf20-08dd5108c79b,projectvibrantjourneys:firefly,true,Firefly,[null]
-410.6726386247926,71.33228492138464,-448.4593043182577,4655a4eb-4d98-426a-a5a9-056d0b4a2ade,projectvibrantjourneys:firefly,true,Firefly,[null]
-440.13334225538415,71.39135456314614,-441.54545630924724,d44a53e7-00d7-4f0d-9582-3cfe5ccfeece,projectvibrantjourneys:firefly,true,Firefly,[null]
-373.83799824501557,52.049855130625055,-422.9059281374944,378f5107-7861-4820-8519-520de05e245a,rankine:flint_spear,true,entity.rankine.flint_spear,[null]
-440.04311398103204,71.0,-458.7440096510907,947bc31a-cf83-48d1-b56f-fd76d2b28297,projectvibrantjourneys:snail,true,Snail,[null]
-414.5,95.0,-527.5,dd540446-c41f-4946-a2f4-289b69193fdf,projectvibrantjourneys:snail,true,Snail,[null]
-412.5,95.0,-527.5,3ef1dc89-ad41-4543-97ab-a256b242de5b,projectvibrantjourneys:snail,true,Snail,[null]
-441.3254507938827,62.0,-482.60100992282116,f2a596ef-d3d3-4b68-a93f-6b3939061e84,farlanders:rebel,true,Rebel Farlander,[null]
-387.3376020951454,50.838661456554156,-363.4608892139644,3e0dd810-df3e-431b-94d5-2dcd225f3fdd,pandoras_creatures:seahorse,true,Seahorse,[null]
-356.3384187134214,15.0,-467.6255588310615,9afa226c-8e27-4423-9cdb-6de901c56f46,minecraft:zombie,true,Zombie,[null]
-355.5038612094973,15.0,-466.17500001192093,c2883abf-2fb1-44e2-9c19-a3a5db879044,minecraft:zombie,true,Zombie,[null]
-397.9501051172906,64.59735930480595,-432.67704781179685,9d7021d4-6a8f-4a0e-953c-0bc18de4006f,rankine:flint_spear,true,entity.rankine.flint_spear,[null]
-357.5000002267755,58.92326234882998,-391.1705346594511,a6a57080-0a91-4bfb-8616-bd143457afd2,pandoras_creatures:seahorse,true,Seahorse,[null]
-357.86392499595684,62.316736593886965,-389.46149785618746,44e08ea5-ea9c-4d9c-9b23-fe37100104a3,pandoras_creatures:seahorse,true,Seahorse,[null]
-358.5877372123787,53.23061010779088,-391.3558577117828,e7dba3b4-1668-49d1-97f4-81250f3b7d6e,pandoras_creatures:seahorse,true,Seahorse,[null]
-397.95033592774735,65.21347568145994,-432.33305569471776,00f71d5c-1054-4661-b636-7a14870bce49,rankine:flint_spear,true,entity.rankine.flint_spear,[null]
-482.5,40.0,-420.5,f10293fe-e496-4ac9-a345-58f6db0297d6,minecraft:creeper,true,Creeper,[null]
-464.46478943060663,48.0,-459.49849200085424,4f11d95a-17f0-4732-86a8-30dcb54f70f5,minecraft:zombie,true,Zombie,[null]
-397.95130505142214,63.96106398741942,-434.1473796395198,b6a5052e-2232-47a3-8e62-2e5ef0315ffd,rankine:flint_spear,true,entity.rankine.flint_spear,[null]
-465.24726712008015,29.0,-378.9695610882533,1b552ddb-15bc-4809-9644-2e1dd6571088,minecraft:skeleton,true,Skeleton,[null]
-456.5,33.0,-511.5,b0721035-3545-4b8d-b682-78b423bc11c1,minecraft:zombie,true,Zombie,[null]
-396.306400188074,74.49727115068958,-489.2840885556817,b171b8dc-d6a9-4538-8bcf-9b7344d184a1,projectvibrantjourneys:firefly,true,Firefly,[null]
-486.3560988234401,66.15201433578638,-370.0621927739718,11c08d25-ffb2-4438-aeff-90490ec881fe,projectvibrantjourneys:firefly,true,Firefly,[null]
-397.95219574708796,64.01040929235926,-436.04343477518466,c0b6cfb8-11ee-4ee7-9708-61c8dc82866e,rankine:flint_spear,true,entity.rankine.flint_spear,[null]
-454.9346995256127,24.0,-399.49006530271544,ae869105-3027-4db7-9c36-5ff6f57ccf70,minecraft:creeper,true,Creeper,[null]
-447.92869363716704,24.0,-397.30000001192093,91f687e3-d8ea-4235-a5bc-f7126f496cca,minecraft:skeleton,true,Skeleton,[null]
-447.30000001192093,24.0,-397.69999998807907,aa189821-299c-4aa8-9756-6feaa1f26b3e,minecraft:skeleton,true,Skeleton,[null]
-470.5985894856711,71.0,-479.8045700962478,88f08e2f-4e21-41f3-85c5-091f20328d4b,projectvibrantjourneys:slug,true,Slug,[null]
-474.5,79.0,-350.5,be5c7d47-c572-4b60-8ad7-086eef2fc91d,projectvibrantjourneys:slug,true,Slug,[null]
-343.6690884801523,49.0,-400.7051660729752,e1425d16-a421-4bc9-a178-9c89faec73bb,lycanitesmobs:herma,true,Herma Lvl 3,[null]
-422.977644700829,51.0,-448.3754124030441,678bab1f-0590-4f84-8c4c-f0edba51ee6a,lycanitesmobs:brucha,true,Brucha Lvl 4,[null]
-370.0065111085896,50.022594904873586,-396.33894600769554,dbe53dcc-41f2-4019-b35e-8609065990d6,lycanitesmobs:skylus,true,Skylus ,[null]
-418.2460868356329,46.297309012466435,-399.5898388326168,2e288415-ac5d-4fcf-9a49-52d9710abce5,lycanitesmobs:jengu,true,Jengu ,[null]
-277.94071275506656,44.0,-442.56979258709396,27d05eee-9541-4362-8ca2-982c5b58e44d,projectvibrantjourneys:ocean_starfish,true,Starfish,[null]
-443.5,34.0,-374.5,4c660faa-f5f9-449d-a59e-60244011fa5c,projectvibrantjourneys:slug,true,Slug,[null]
-480.84484555865055,74.10628767635144,-386.3201330030277,1689d926-7a30-4538-8180-20e605dc6c04,projectvibrantjourneys:firefly,true,Firefly,[null]
-483.09095000246765,75.28817830375255,-476.3144622775909,65db4fd0-e8d1-4dfc-9c89-02274be91d76,projectvibrantjourneys:firefly,true,Firefly,[null]
-331.5740827235536,49.09115572053602,-383.11356522239646,d25f4e4e-3131-46d3-b1e8-26c85fb81fd4,pandoras_creatures:seahorse,true,Seahorse,[null]
-329.7885700782322,46.469613469380356,-386.51645582170306,67245f37-1b59-4f4b-abf6-0920c45b7659,pandoras_creatures:seahorse,true,Seahorse,[null]
-422.154892772332,62.23422788567275,-517.4580373004823,4ac1c0f4-9ab6-4e44-960e-1b4be7657c70,projectvibrantjourneys:firefly,true,Firefly,[null]
-405.5078936061048,54.0,-504.510554848579,5866bc29-51b2-488b-a3c9-fe23784ad812,minecraft:zombie,true,Zombie,[null]
-461.5,46.0,-356.5,7e2feb37-8571-4d0a-99df-f649c30b2bed,minecraft:zombie,true,Zombie,[null]
-463.5,46.0,-354.5,522ed4c2-a3fc-4414-891c-e6beedfd2a51,minecraft:zombie,true,Zombie,[null]
-476.5,22.0,-424.5,aa33c63b-e457-42d6-a720-4c8faf6ae42b,minecraft:zombie,true,Zombie,[null]
-391.0315144044917,16.0,-433.0593216904396,8c198655-38b5-4c4f-8507-0bbedd63ef56,upgrade_aquatic:thrasher,true,Thrasher,[null]
-433.4221210402728,70.1200189507131,-394.2572361309371,44cfe20e-0044-480f-8e88-746620c1a067,projectvibrantjourneys:firefly,true,Firefly,[null]
-438.42753355812795,74.44277061378254,-386.13749999925494,2d00f346-a280-433f-a548-668a92e77a77,projectvibrantjourneys:firefly,true,Firefly,[null]
-418.5023945743418,38.0,-429.5212350932283,5c77709b-d2f4-444e-8b9c-4257f59dd8e7,minecraft:skeleton,true,Skeleton,[null]
-415.5,39.0,-437.5,60ba4148-1e45-47e9-80dd-8742008dbb59,minecraft:skeleton,true,Skeleton,[null]
-370.8478711954767,58.0,-450.92362895044135,611778c9-50ba-4054-9948-c865a1be8422,alexsmobs:cachalot_whale,true,Cachalot Whale,[null]
-377.6182435862238,58.0,-452.7018472197895,55ee39c9-972f-4b55-9f12-ce021aef0e29,alexsmobs:cachalot_whale,true,Cachalot Whale,[null]
-374.23305739085026,58.0,-451.8127380851154,8ffb2a38-95b3-4604-9355-08cf0d74ef3e,alexsmobs:cachalot_whale,true,Cachalot Whale,[null]
-370.3642731718237,58.0,-450.79661335977363,2a8e855a-4397-4790-a3bb-4ed8df7a5f55,alexsmobs:cachalot_whale,true,Cachalot Whale,[null]
-365.73153914133854,58.0,-451.0785628798847,d890a4b0-db9d-4d47-923d-47b80ff17cbb,alexsmobs:cachalot_whale,true,Cachalot Whale,[null]
-362.1315835825617,58.0,-451.0965103748684,f2030462-88d6-4a0a-9fe6-3d6612433898,alexsmobs:cachalot_whale,true,Cachalot Whale,[null]
-358.67915857950993,58.0,-449.11182131799507,b58d6ad3-0995-4616-8b65-653733814fe6,alexsmobs:cachalot_whale,true,Cachalot Whale,[null]
-298.92112199115775,18.0,-415.1249600946579,3f7b1286-bcf1-482f-b560-954c32e298cb,projectvibrantjourneys:ocean_starfish,true,Starfish,[null]
-298.0,17.0,-416.0,88ba2275-fafe-4069-b687-ea722224ad6b,projectvibrantjourneys:ocean_starfish,true,Starfish,[null]
-294.14271175806397,16.0,-415.05182598105336,827d491b-30c9-44ef-9125-34369f0cff0d,projectvibrantjourneys:ocean_starfish,true,Starfish,[null]
-253.125,23.0,-254.125,494e561d-0e9c-44ac-b46d-8bff47637134,minecraft:item,true,Plant Fibers,[null]
-251.77463970688095,24.0,-255.88607653173426,69979721-f5e9-455b-9229-ac707ce1a6a3,minecraft:item,true,Plant Fibers,[null]
-435.5,46.0,-392.5,70c32b1b-7a69-49c8-800f-f03df02fb24a,minecraft:creeper,true,Creeper,[null]
-427.5,46.0,-394.5,438145d8-108f-49f5-8538-d01f37c54afb,minecraft:creeper,true,Creeper,[null]
-408.3052673372589,62.00928922710079,-412.66830403796325,f1e097e8-7c7c-4925-9ffc-e312305b355b,rankine:flint_spear,true,entity.rankine.flint_spear,[null]
-445.46696506974973,43.0,-432.53455586710163,735ceafa-2f64-4603-896e-44107cbd1d84,minecraft:skeleton,true,Skeleton,[null]
-367.91029946839615,78.44773184480037,-498.1987552853791,f87ceade-56aa-4d69-88ca-5b3759a02f4f,projectvibrantjourneys:fly,true,Fly,[null]
-498.5,28.0,-430.5,a14be1c6-9489-411b-bf95-792697e9e3bb,alexsmobs:centipede_head,true,Cave Centipede,[null]
-498.71173833121276,28.200000002980232,-431.3128756577949,d108ad61-e343-4bb7-a82b-70b6647a8bf5,alexsmobs:centipede_body,true,Cave Centipede Body,[null]
-498.9234766624255,28.400000005960464,-432.1257513155898,e87ea341-35ac-4d0c-a4d4-c721278f64bf,alexsmobs:centipede_body,true,Cave Centipede Body,[null]
-499.1352149936383,28.600000008940697,-432.9386269733847,b3228b0f-edfe-45cd-aa66-1d8909d61d31,alexsmobs:centipede_body,true,Cave Centipede Body,[null]
-499.34695332485103,28.80000001192093,-433.7515026311796,73e14689-9b61-412b-b2a5-205b1fecc5e7,alexsmobs:centipede_body,true,Cave Centipede Body,[null]
-499.5586916560638,29.00000001490116,-434.5643782889745,1203bd12-5614-43de-b663-e58a636b66bc,alexsmobs:centipede_tail,true,Cave Centipede Tail,[null]
-422.5,54.0,-429.9977084743387,210b5beb-63c6-4eba-9f37-071bf1534de7,ars_nouveau:wilden_stalker,true,Wilden Stalker,[null]
-409.9509734106693,65.22697243766696,-410.48393993931563,1cddb0d8-204f-4e06-a1d0-b86e73568985,rankine:flint_spear,true,entity.rankine.flint_spear,[null]
-409.97966996067635,45.0,-438.45160678379375,27bfe20a-c47e-4f70-8af4-a1b69fcbd728,lycanitesmobs:lacedon,true,Lacedon Lvl 2,[null]
-373.71787041846244,34.23297270993632,-310.6303152593758,5d60ad83-e77c-4894-ad80-f9e37d6e64d0,pandoras_creatures:seahorse,true,Seahorse,[null]
-372.48975449540137,40.100544403804804,-308.8146820326026,5918812d-2207-4d94-a5ae-dd164d2390c2,pandoras_creatures:seahorse,true,Seahorse,[null]
-419.5,39.0,-457.5,9bc940c4-f6f0-4cae-98a8-5777671874cf,minecraft:zombie,true,Zombie,[null]
-423.5,39.0,-460.5,3d8a8dc2-cb55-4640-a93b-039832dd85c7,minecraft:zombie,true,Zombie,[null]
-409.9532326190442,65.38836555112563,-410.76103465600175,51da1f6b-449a-4473-ab4f-d263a788eb72,rankine:flint_spear,true,entity.rankine.flint_spear,[null]
-474.65416062626116,49.0,-377.341566896564,7f2e40a5-6ab3-49f3-8849-25ae46fb70de,majruszs_difficulty:elite_skeleton,true,Elite Skeleton,[null]
-476.4999981932172,50.0,-371.49021163278934,7d827936-5d3d-42c4-a781-5761f8524a8c,minecraft:creeper,true,Creeper,[null]
-472.49018682519164,48.375,-375.98750001192093,f315e102-9d34-4d93-9dfe-923ff46663b4,minecraft:creeper,true,Creeper,[null]
-474.55278649373,49.0,-374.55279235042576,166e6f19-7638-4d6f-b437-bf4e17e95118,minecraft:creeper,true,Creeper,[null]
-409.95310226469263,65.69531849789307,-410.9873214040973,e720ca31-226d-44bd-bd85-40fded3d2554,rankine:flint_spear,true,entity.rankine.flint_spear,[null]
-409.9532897899265,65.68829336215691,-410.86448682625297,d4c212f4-be4c-451b-939f-1745b9c7270f,rankine:flint_spear,true,entity.rankine.flint_spear,[null]
-451.3709145415065,69.95634976601158,-346.5085046877378,8a61fdee-719c-4ea2-bfd3-a01e1f4bf6e4,projectvibrantjourneys:night_bat,true,Bat,[null]
-437.00941878394394,75.28027687422565,-449.9002630849102,5d7a7078-06f1-4001-a578-bb499f29384d,projectvibrantjourneys:firefly,true,Firefly,[null]
-412.6676452477998,73.16790246923989,-464.47979256958365,12b4e482-8ad8-4604-bbad-0d1860f48c39,projectvibrantjourneys:firefly,true,Firefly,[null]
-326.56883661892056,43.258005974843634,-316.52696491765323,9b6ceb1e-2fcb-4887-9733-7b44562b7551,pandoras_creatures:seahorse,true,Seahorse,[null]
-311.5,12.0,-453.5,23ef2942-4325-45fb-b821-ba0673bc1296,projectvibrantjourneys:clam,true,Clam,[null]
-310.5,12.0,-448.5,e2a52a46-ab79-4c82-8d55-d1cdd2239048,projectvibrantjourneys:ocean_starfish,true,Starfish,[null]
-308.5,12.0,-449.5,e2c0141c-0fb8-41e5-b71d-9fed9b82de07,projectvibrantjourneys:clam,true,Clam,[null]
-313.5,12.0,-448.5,e3b1f9ea-f855-4349-a36f-77c72366df7e,projectvibrantjourneys:clam,true,Clam,[null]
-371.3398048986256,73.14066159439247,-538.514095978509,a431f3fd-98f7-4e3d-9ce7-7c4d871ea171,projectvibrantjourneys:firefly,true,Firefly,[null]
-473.65336074669415,91.2204698846045,-457.2069810547572,6694c039-18c4-46d1-99f0-2d5a422dae1a,projectvibrantjourneys:firefly,true,Firefly,[null]
-362.4774365789168,20.175697546938157,-447.11679988110745,e1fb8fd1-a665-4589-9874-df304e576a3d,upgrade_aquatic:thrasher,true,Thrasher,[null]
-409.5,30.0,-386.5,30578323-4538-4da4-85fa-849404a02b43,ars_nouveau:wilden_hunter,true,Wilden Hunter,[null]
-436.4947305489952,75.5,-392.60926392316014,8d411588-9acb-44e6-a4be-c08037c8f02b,projectvibrantjourneys:firefly,false,Firefly,[null]
-436.5,92.0,-485.5,12bcb6d8-b961-47d9-a467-0e42b00ef75b,projectvibrantjourneys:snail,true,Snail,[null]
-284.4907039300254,52.86612291321896,-403.3572263699463,a64df6bf-e350-413c-b257-30e67ae41a2a,pandoras_creatures:seahorse,true,Seahorse,[null]
-286.36706142416807,47.88947212030646,-402.476359928279,aa19ef81-05aa-4c97-8c4c-50885372994d,pandoras_creatures:seahorse,true,Seahorse,[null]
-282.5311268282061,47.59494268758988,-407.50307897162764,d1057f0d-9458-4d5b-baa1-9e2d769c9b71,pandoras_creatures:seahorse,true,Seahorse,[null]
-278.95211314314145,51.938643219384986,-405.537458811569,26914a3f-286d-4db2-97a1-bdc8b9161445,pandoras_creatures:seahorse,true,Seahorse,[null]
-317.09715436235984,17.73124073797908,-481.2951703879979,550335c4-5336-4b15-a171-605fac85d092,upgrade_aquatic:thrasher,true,Thrasher,[null]
-424.5,53.0,-420.5,9f7ee80d-d38a-43c2-aaeb-682b2c5ac2aa,dannys_expansion:ghoul,true,Ghoul,[null]
-421.30000001192093,55.41999998688698,-426.04823481473545,eda3ec9d-72a1-4074-a5ae-a0287127eac7,minecraft:creeper,true,Creeper,[null]
-423.5,53.0,-420.5,7bdd14d7-6710-403a-81f5-a114018cd55e,minecraft:creeper,true,Creeper,[null]
-491.2923152765885,81.5216610120247,-470.7463638978829,222b35bd-0e1d-4dd9-8b08-daa1a70f2edd,projectvibrantjourneys:firefly,true,Firefly,[null]
-500.7753781436715,83.02790246953792,-472.54053680478785,615e0ff1-ed98-4a38-a033-d503a00c035f,projectvibrantjourneys:firefly,true,Firefly,[null]
-396.5,42.0,-483.5,593dc979-ba27-47d4-b16f-03c00185e1e8,farlanders:rebel,true,Rebel Farlander,[null]
-401.5,42.0,-484.5,46010eef-20e5-49bb-b56f-c4e915e2403b,farlanders:looter,true,Looter,[null]
-400.5,42.0,-481.5,ee9aa4d6-97aa-4439-9478-5662ab2c2b65,farlanders:looter,true,Looter,[null]
