{
  "type": "minecraft:decorated",
  "config": {
    "decorator": {
      "type": "minecraft:count",
      "config": {
        "count": 64
      }
    },
    "feature": {
      "type": "minecraft:decorated",
      "config": {
        "decorator": {
          "type": "minecraft:square",
          "config": {}
        },
        "feature": {
          "type": "minecraft:decorated",
          "config": {
            "decorator": {
              "type": "minecraft:range",
              "config": {
                "maximum": 128,
                "bottom_offset": 0,
                "top_offset": 0
              }
            },
            "feature": {
              "type": "minecraft:twisting_vines",
              "config": {}
            }
          }
        }
      }
    }
  }
}