{
  "type": "minecraft:decorated",
  "config": {
    "decorator": {
      "type": "minecraft:count",
      "config": {
        "count": 8
      }
    },
    "feature": {
      "type": "minecraft:decorated",
      "config": {
        "decorator": {
          "type": "minecraft:square",
          "config": {}
        },
        "feature": {
          "type": "minecraft:decorated",
          "config": {
            "decorator": {
              "type": "minecraft:range",
              "config": {
                "maximum": 40,
                "bottom_offset": 10,
                "top_offset": 20
              }
            },
            "feature": {
              "type": "minecraft:ore",
              "config": {
                "state": {
                  "Name": "minecraft:iron_ore"
                },
                "size": 9,
                "target": {
                  "predicate_type": "minecraft:block_match",
                  "block": "minecraft:brown_terracotta"
                }
              }
            }
          }
        }
      }
    }
  }
}