{
  "type": "minecraft:chest",
  "pools": [
    {
      "rolls": 1,
      "entries": [
        {
          "type": "minecraft:tag",
          "name": "starmute:blackstone_blocks",
          "expand": false,
          "functions": [
            {
              "function": "minecraft:set_count",
              "count": {
                "min": 20,
                "max": 50
              }
            },
            {
              "function": "minecraft:set_count",
              "count": 0,
              "conditions": [
                {
                  "condition": "minecraft:random_chance",
                  "chance": 0.85
                }
              ]
            }
          ]
        }
      ]
    }
  ]
}