{
  "pools": [
    {
      "rolls": 1,
      "entries": [
        {
          "type": "minecraft:loot_table",
          "name": "starmute:castle/base/unbreaking_efficiency",
          "weight": 1
        }
      ]
    },
    {
      "rolls": 2,
      "entries": [
        {
          "type": "minecraft:item",
          "name": "crimson_stem",
          "weight": 10,
          "functions": [
            {
              "function": "minecraft:set_count",
              "count": {
                "min": 12,
                "max": 48
              }
            }
          ]
        },
        {
          "type": "minecraft:item",
          "name": "stripped_crimson_stem",
          "weight": 5,
          "functions": [
            {
              "function": "minecraft:set_count",
              "count": {
                "min": 6,
                "max": 48
              }
            }
          ]
        },
        {
          "type": "minecraft:item",
          "name": "warped_stem",
          "weight": 8,
          "functions": [
            {
              "function": "minecraft:set_count",
              "count": {
                "min": 5,
                "max": 32
              }
            }
          ]
        },
        {
          "type": "minecraft:item",
          "name": "stripped_warped_stem",
          "weight": 4,
          "functions": [
            {
              "function": "minecraft:set_count",
              "count": {
                "min": 5,
                "max": 32
              }
            }
          ]
        },
        {
          "type": "minecraft:item",
          "name": "crimson_hyphae",
          "weight": 2,
          "functions": [
            {
              "function": "minecraft:set_count",
              "count": {
                "min": 6,
                "max": 37
              }
            }
          ]
        },
        {
          "type": "minecraft:item",
          "name": "warped_hyphae",
          "weight": 2,
          "functions": [
            {
              "function": "minecraft:set_count",
              "count": {
                "min": 6,
                "max": 37
              }
            }
          ]
        }
      ]
    },
    {
      "rolls": 3,
      "entries": [
        {
          "type": "minecraft:item",
          "name": "crimson_planks",
          "weight": 10,
          "functions": [
            {
              "function": "minecraft:set_count",
              "count": {
                "min": 10,
                "max": 20
              }
            }
          ]
        },
        {
          "type": "minecraft:item",
          "name": "warped_planks",
          "weight": 10,
          "functions": [
            {
              "function": "minecraft:set_count",
              "count": {
                "min": 10,
                "max": 20
              }
            }
          ]
        },
        {
          "type": "minecraft:item",
          "name": "crimson_stairs",
          "weight": 5,
          "functions": [
            {
              "function": "minecraft:set_count",
              "count": {
                "min": 5,
                "max": 8
              }
            }
          ]
        },
        {
          "type": "minecraft:item",
          "name": "warped_stairs",
          "weight": 5,
          "functions": [
            {
              "function": "minecraft:set_count",
              "count": {
                "min": 5,
                "max": 8
              }
            }
          ]
        },
        {
          "type": "minecraft:item",
          "name": "crimson_slab",
          "weight": 5,
          "functions": [
            {
              "function": "minecraft:set_count",
              "count": {
                "min": 10,
                "max": 15
              }
            }
          ]
        },
        {
          "type": "minecraft:item",
          "name": "warped_slab",
          "weight": 5,
          "functions": [
            {
              "function": "minecraft:set_count",
              "count": {
                "min": 10,
                "max": 15
              }
            }
          ]
        },
        {
          "type": "minecraft:item",
          "name": "warped_trapdoor",
          "weight": 2,
          "functions": [
            {
              "function": "minecraft:set_count",
              "count": {
                "min": 10,
                "max": 15
              }
            }
          ]
        },
        {
          "type": "minecraft:item",
          "name": "crimson_trapdoor",
          "weight": 5,
          "functions": [
            {
              "function": "minecraft:set_count",
              "count": {
                "min": 10,
                "max": 15
              }
            }
          ]
        }
      ]
    },
    {
      "rolls": 2,
      "entries": [
        {
          "type": "minecraft:item",
          "name": "bone_meal",
          "weight": 5,
          "functions": [
            {
              "function": "minecraft:set_count",
              "count": {
                "min": 10,
                "max": 15
              }
            }
          ]
        },
        {
          "type": "minecraft:item",
          "name": "netherite_axe",
          "weight": 1,
          "functions": [
            {
              "function": "minecraft:set_damage",
              "damage": {
                "min": 0,
                "max": 0.3
              }
            }
          ]
        },
        {
          "type": "minecraft:item",
          "name": "diamond_axe",
          "weight": 2,
          "functions": [
            {
              "function": "minecraft:set_damage",
              "damage": {
                "min": 0,
                "max": 1
              }
            }
          ]
        },
        {
          "type": "minecraft:item",
          "name": "iron_axe",
          "weight": 2,
          "functions": [
            {
              "function": "minecraft:set_damage",
              "damage": {
                "min": 0,
                "max": 1
              }
            }
          ]
        },
        {
          "type": "minecraft:item",
          "name": "bone_block",
          "weight": 2
        },
        {
          "type": "minecraft:item",
          "name": "bone",
          "weight": 3,
          "functions": [
            {
              "function": "minecraft:set_count",
              "count": {
                "min": 1,
                "max": 3
              }
            }
          ]
        }
      ]
    }
  ]
}