{
  "type": "minecraft:chest",
  "pools": [
    {
      "rolls": 1,
      "entries": [
        {
          "type": "minecraft:loot_table",
          "weight": 20,
          "name": "starmute:castle/barrel/food"
        },
        {
          "type": "minecraft:loot_table",
          "weight": 20,
          "name": "starmute:castle/barrel/food_low"
        },
        {
          "type": "minecraft:loot_table",
          "weight": 25,
          "name": "starmute:castle/barrel/generic"
        },
        {
          "type": "minecraft:loot_table",
          "weight": 15,
          "name": "starmute:castle/barrel/barracks"
        },
        {
          "type": "minecraft:loot_table",
          "weight": 5,
          "name": "starmute:castle/barrel/alchemist"
        }
      ]
    }
  ]
}