{
  "type": "minecraft:the_nether",
  "generator": {
    "type": "minecraft:noise",
    "seed": 0,
    "settings": "minecraft:nether",
    "biome_source": {
      "type": "minecraft:multi_noise",
      "seed": 0,
      "altitude_noise": {
        "firstOctave": -7,
        "amplitudes": [
          1,
          1
        ]
      },
      "temperature_noise": {
        "firstOctave": -7,
        "amplitudes": [
          1,
          1
        ]
      },
      "humidity_noise": {
        "firstOctave": -7,
        "amplitudes": [
          1,
          1
        ]
      },
      "weirdness_noise": {
        "firstOctave": -7,
        "amplitudes": [
          1,
          1
        ]
      },
      "biomes": [
        {
          "biome": "minecraft:nether_wastes",
          "parameters": {
            "altitude": 0,
            "temperature": 0,
            "humidity": 0,
            "weirdness": 0,
            "offset": 0
          }
        },
        {
          "biome": "minecraft:soul_sand_valley",
          "parameters": {
            "altitude": 0,
            "temperature": 0,
            "humidity": -0.5,
            "weirdness": 0,
            "offset": 0
          }
        },
        {
          "biome": "minecraft:crimson_forest",
          "parameters": {
            "altitude": 0,
            "temperature": 0.4,
            "humidity": 0,
            "weirdness": 0,
            "offset": 0
          }
        },
        {
          "biome": "minecraft:warped_forest",
          "parameters": {
            "altitude": 0,
            "temperature": 0,
            "humidity": 0.5,
            "weirdness": 0,
            "offset": 0.375
          }
        },
        {
          "biome": "minecraft:basalt_deltas",
          "parameters": {
            "altitude": 0,
            "temperature": -0.5,
            "humidity": 0,
            "weirdness": 0,
            "offset": 0.175
          }
        },
        {
          "biome": "netherexpansion:the_obsolete",
          "parameters": {
            "altitude": 0,
            "temperature": 0.3,
            "humidity": -0.6,
            "weirdness": 0,
            "offset": 0.256
          }
        },
        {
          "biome": "netherexpansion:extreme_crimson_forest",
          "parameters": {
            "altitude": 0.225,
            "temperature": 0.5,
            "humidity": 0,
            "weirdness": 0,
            "offset": 0.351
          }
        },
        {
          "biome": "netherexpansion:illuminant_warped_forest",
          "parameters": {
            "altitude": 0.9,
            "temperature": 0.05,
            "humidity": -0.8,
            "weirdness": 0,
            "offset": 0
          }
        },
        {
          "biome": "netherexpansion:extreme_warped_forest",
          "parameters": {
            "altitude": 0,
            "temperature": -0.6,
            "humidity": 1,
            "weirdness": 0,
            "offset": 0.296
          }
        },
        {
          "biome": "netherexpansion:scarlet_gorge",
          "parameters": {
            "altitude": 0.7,
            "temperature": -0.4,
            "humidity": 0,
            "weirdness": 0,
            "offset": 0
          }
        }
      ]
    }
  }
}